{
  "type": "FeatureCollection",
  "name": "Tari nealiniate",
  "crs": {
    "type": "name",
    "properties": {
      "name": "urn:ogc:def:crs:OGC:1.3:CRS84"
    }
  },
  "features": [
    {
      "type": "Feature",
      "properties": {
        "nume": "Luxemburg",
        "bloc": "Vestic",
        "info": "Membru fondator NATO (1949) si al Comunitatii Economice Europene."
      },
      "geometry": {
        "type": "MultiPolygon",
        "coordinates": [
          [
            [
              [
                5.823500189391357,
                49.50710638614063
              ],
              [
                5.884400400725585,
                49.66353567691211
              ],
              [
                5.745062384215576,
                49.755260072664065
              ],
              [
                5.737923655120117,
                49.90245779605274
              ],
              [
                5.833756479827148,
                50.047408662751955
              ],
              [
                5.94377568682788,
                50.11381109805469
              ],
              [
                6.007444891539794,
                50.149974428132815
              ],
              [
                6.108513388243896,
                50.11745413394336
              ],
              [
                6.136599573699218,
                49.981978975251955
              ],
              [
                6.321478399840576,
                49.84161337466602
              ],
              [
                6.530922445861084,
                49.79842718692188
              ],
              [
                6.511355433074218,
                49.668929658845705
              ],
              [
                6.3994536729729,
                49.60418661685352
              ],
              [
                6.433043036071044,
                49.445331178621096
              ],
              [
                6.367956194487792,
                49.47348364444141
              ],
              [
                6.112331900206787,
                49.47865255923633
              ],
              [
                5.823500189391357,
                49.50710638614063
              ]
            ]
          ]
        ]
      }
    },
    {
      "type": "Feature",
      "properties": {
        "nume": "Elvetia",
        "bloc": "Neutru",
        "info": "Stat neutru prin traditie, in afara ambelor blocuri militare."
      },
      "geometry": {
        "type": "MultiPolygon",
        "coordinates": [
          [
            [
              [
                9.58434775790332,
                47.40905722232227
              ],
              [
                9.464611086455566,
                47.28552206607227
              ],
              [
                9.560831102935058,
                47.155860506013674
              ],
              [
                9.520760569182617,
                47.06943853946094
              ],
              [
                9.800573381987792,
                47.041663728669924
              ],
              [
                9.804178270903808,
                46.97686728091602
              ],
              [
                10.051520380583984,
                46.86773642154102
              ],
              [
                10.311843905059082,
                47.0169750079668
              ],
              [
                10.408574137297851,
                46.96452673526172
              ],
              [
                10.395699534026367,
                46.88741263003711
              ],
              [
                10.338723215666992,
                46.74834784121875
              ],
              [
                10.389193567839843,
                46.65275915713672
              ],
              [
                10.372107538787109,
                46.566302858308596
              ],
              [
                10.23034385165332,
                46.58925589175586
              ],
              [
                10.151240381804687,
                46.66186483950977
              ],
              [
                10.023653063384277,
                46.62089880557422
              ],
              [
                9.987427744475585,
                46.4980541095293
              ],
              [
                10.097109827605468,
                46.438914857820315
              ],
              [
                9.994528803435546,
                46.25247534366016
              ],
              [
                9.884957346526367,
                46.402530275300784
              ],
              [
                9.67374041995166,
                46.37979086490039
              ],
              [
                9.642048868743164,
                46.32522162051563
              ],
              [
                9.544866594878417,
                46.31158407779102
              ],
              [
                9.44099715670703,
                46.37523611636524
              ],
              [
                9.376799616423828,
                46.53445013614063
              ],
              [
                9.210068735686523,
                46.4980541095293
              ],
              [
                9.218277010527832,
                46.34795721621875
              ],
              [
                9.026975664702636,
                46.17519339175586
              ],
              [
                9.018927607146484,
                45.93436010928516
              ],
              [
                8.890725168791992,
                45.86623724551563
              ],
              [
                8.717579874602539,
                46.00704535098438
              ],
              [
                8.761700663176757,
                46.088843904451174
              ],
              [
                8.621939692107421,
                46.12065847964649
              ],
              [
                8.381559404937011,
                46.28429754825
              ],
              [
                8.374507937041503,
                46.47075995059375
              ],
              [
                8.024794611541015,
                46.28884466739063
              ],
              [
                8.070898089019042,
                46.19337423892383
              ],
              [
                7.913880381194335,
                45.99897726626758
              ],
              [
                7.789928946105224,
                45.92696722598438
              ],
              [
                7.506788763610107,
                46.002513490632815
              ],
              [
                7.22479489764331,
                45.910934053376955
              ],
              [
                6.955283197966796,
                45.93890341372852
              ],
              [
                6.909935030547363,
                46.129806123689455
              ],
              [
                6.807361283529001,
                46.3939942785789
              ],
              [
                6.856912456646007,
                46.38532553426575
              ],
              [
                6.860532891338509,
                46.39567135854787
              ],
              [
                6.918682026631522,
                46.395206936852965
              ],
              [
                6.930871450577103,
                46.408351227966136
              ],
              [
                6.900908887160469,
                46.439689214556104
              ],
              [
                6.857901656145032,
                46.44947118554421
              ],
              [
                6.832041624067764,
                46.46683262184003
              ],
              [
                6.776516670160192,
                46.47343742783546
              ],
              [
                6.769073996154052,
                46.49260672183399
              ],
              [
                6.746094491147845,
                46.48710250305781
              ],
              [
                6.742657920910335,
                46.48864679559679
              ],
              [
                6.720869389583737,
                46.485596225120794
              ],
              [
                6.689435812086666,
                46.50021827068076
              ],
              [
                6.59204288810731,
                46.51769616755476
              ],
              [
                6.558787383904959,
                46.507196480082904
              ],
              [
                6.511094375255204,
                46.515893700404824
              ],
              [
                6.448639414796144,
                46.47363192883472
              ],
              [
                6.399366830301586,
                46.458688728465745
              ],
              [
                6.384794633556074,
                46.46430289385845
              ],
              [
                6.346871930666223,
                46.46094815254606
              ],
              [
                6.2912738204431,
                46.422658307372956
              ],
              [
                6.274123806967107,
                46.39014042210051
              ],
              [
                6.258912357066373,
                46.3925019868991
              ],
              [
                6.248222955748419,
                46.38605643507135
              ],
              [
                6.171351592047537,
                46.295829635984404
              ],
              [
                6.147796147590462,
                46.20673725502066
              ],
              [
                6.172219470275174,
                46.211872294689975
              ],
              [
                6.193824202060431,
                46.238419184332706
              ],
              [
                6.199127865688836,
                46.263974311208905
              ],
              [
                6.235320097735189,
                46.289106588791334
              ],
              [
                6.27784874181629,
                46.35037762441313
              ],
              [
                6.30354410983879,
                46.36604951821137
              ],
              [
                6.343528405304224,
                46.37010514332916
              ],
              [
                6.360944279594113,
                46.347862108145755
              ],
              [
                6.383716630705969,
                46.341576204815574
              ],
              [
                6.107919725981933,
                46.125533662751955
              ],
              [
                5.941489252654296,
                46.175540529207034
              ],
              [
                6.048988375273925,
                46.27716024966602
              ],
              [
                6.054619822112304,
                46.42192801089649
              ],
              [
                6.018594774810058,
                46.48354300113086
              ],
              [
                6.058368239012939,
                46.616065584138674
              ],
              [
                6.381529364196044,
                46.80413015933399
              ],
              [
                6.364301237670166,
                46.94601782412891
              ],
              [
                6.623342070189697,
                47.05401190371875
              ],
              [
                6.628670248595459,
                47.08795126529102
              ],
              [
                6.866266760436279,
                47.31022986026172
              ],
              [
                6.944232973662597,
                47.32567175479297
              ],
              [
                6.89196494540332,
                47.36581381411914
              ],
              [
                6.822959456053955,
                47.37817343325977
              ],
              [
                6.921917471495849,
                47.51408728213672
              ],
              [
                7.12291673144458,
                47.51100119204883
              ],
              [
                7.120884451476318,
                47.46775396914844
              ],
              [
                7.333420309630615,
                47.464664064363284
              ],
              [
                7.506581816283447,
                47.60370596499805
              ],
              [
                7.628408941832763,
                47.56352957339649
              ],
              [
                7.751046690551025,
                47.616065584138674
              ],
              [
                7.872660669890625,
                47.572799287751955
              ],
              [
                8.127995524016601,
                47.64388235659961
              ],
              [
                8.2530594201958,
                47.59443625064258
              ],
              [
                8.412250551787597,
                47.60370596499805
              ],
              [
                8.33202842196582,
                47.693343721345705
              ],
              [
                8.65083602389453,
                47.78298910708789
              ],
              [
                8.658565554229003,
                47.7149730548418
              ],
              [
                8.748005899993164,
                47.72116430850391
              ],
              [
                8.815385851470214,
                47.680972658113284
              ],
              [
                8.983487283772465,
                47.679618759299416
              ],
              [
                8.93572619268792,
                47.65900040517249
              ],
              [
                8.89424668674045,
                47.651981092802714
              ],
              [
                8.859761867303298,
                47.65720259885761
              ],
              [
                8.906531941740655,
                47.64470239066858
              ],
              [
                8.960973389973663,
                47.65681014096839
              ],
              [
                8.98349781779857,
                47.66997824848036
              ],
              [
                9.065714698442651,
                47.674216536574775
              ],
              [
                9.090169214235457,
                47.67299879536117
              ],
              [
                9.09631748974732,
                47.666038767172346
              ],
              [
                9.177931706890412,
                47.664332143247975
              ],
              [
                9.191228667349208,
                47.648048045875626
              ],
              [
                9.300064856849982,
                47.61072946127637
              ],
              [
                9.382401971062464,
                47.5712252392877
              ],
              [
                9.38681144658924,
                47.544314745924304
              ],
              [
                9.437436949905864,
                47.518945191698386
              ],
              [
                9.435761421667744,
                47.506522607680544
              ],
              [
                9.466216843906906,
                47.49633046022211
              ],
              [
                9.481890678413858,
                47.48171362179569
              ],
              [
                9.52988310330231,
                47.48141384927814
              ],
              [
                9.53932315928003,
                47.4872009429331
              ],
              [
                9.58434775790332,
                47.40905722232227
              ]
            ]
          ],
          [
            [
              [
                9.1985578866875,
                47.67788656802539
              ],
              [
                9.216057312656227,
                47.67100283816657
              ],
              [
                9.217880454657571,
                47.666308565142764
              ],
              [
                9.12427050641381,
                47.670700736835244
              ],
              [
                9.118142444734893,
                47.67853423872031
              ],
              [
                9.1985578866875,
                47.67788656802539
              ]
            ]
          ]
        ]
      }
    },
    {
      "type": "Feature",
      "properties": {
        "nume": "Spania",
        "bloc": "Vestic",
        "info": "Sub regimul lui Franco pana in 1975; a aderat la NATO in 1982, dupa tranzitia la democratie."
      },
      "geometry": {
        "type": "MultiPolygon",
        "coordinates": [
          [
            [
              [
                1.212,
                38.898
              ],
              [
                1.228,
                38.948
              ],
              [
                1.243,
                38.968
              ],
              [
                1.294,
                39.031
              ],
              [
                1.304,
                39.039
              ],
              [
                1.329,
                39.055
              ],
              [
                1.363,
                39.073
              ],
              [
                1.473,
                39.105
              ],
              [
                1.52,
                39.118
              ],
              [
                1.546,
                39.118
              ],
              [
                1.601,
                39.096
              ],
              [
                1.605,
                39.092
              ],
              [
                1.609,
                39.081
              ],
              [
                1.615,
                39.028
              ],
              [
                1.532,
                38.952
              ],
              [
                1.406,
                38.846
              ],
              [
                1.372,
                38.831
              ],
              [
                1.368,
                38.851
              ],
              [
                1.362,
                38.861
              ],
              [
                1.358,
                38.865
              ],
              [
                1.353,
                38.868
              ],
              [
                1.346,
                38.871
              ],
              [
                1.277,
                38.88
              ],
              [
                1.271,
                38.878
              ],
              [
                1.258,
                38.864
              ],
              [
                1.253,
                38.859
              ],
              [
                1.246,
                38.86
              ],
              [
                1.223,
                38.874
              ],
              [
                1.212,
                38.898
              ]
            ]
          ],
          [
            [
              [
                3.372,
                39.549
              ],
              [
                3.332,
                39.526
              ],
              [
                3.32,
                39.521
              ],
              [
                3.306,
                39.502
              ],
              [
                3.288,
                39.467
              ],
              [
                3.267,
                39.413
              ],
              [
                3.242,
                39.364
              ],
              [
                3.082,
                39.273
              ],
              [
                3.064,
                39.264
              ],
              [
                3.057,
                39.263
              ],
              [
                3.029,
                39.283
              ],
              [
                2.986,
                39.319
              ],
              [
                2.83,
                39.353
              ],
              [
                2.799,
                39.361
              ],
              [
                2.786,
                39.365
              ],
              [
                2.781,
                39.369
              ],
              [
                2.755,
                39.392
              ],
              [
                2.746,
                39.406
              ],
              [
                2.743,
                39.412
              ],
              [
                2.728,
                39.473
              ],
              [
                2.742,
                39.491
              ],
              [
                2.746,
                39.495
              ],
              [
                2.753,
                39.497
              ],
              [
                2.755,
                39.502
              ],
              [
                2.754,
                39.508
              ],
              [
                2.745,
                39.516
              ],
              [
                2.736,
                39.524
              ],
              [
                2.732,
                39.527
              ],
              [
                2.694,
                39.552
              ],
              [
                2.675,
                39.559
              ],
              [
                2.663,
                39.564
              ],
              [
                2.656,
                39.564
              ],
              [
                2.546,
                39.525
              ],
              [
                2.543,
                39.52
              ],
              [
                2.437,
                39.522
              ],
              [
                2.389,
                39.525
              ],
              [
                2.364,
                39.556
              ],
              [
                2.386,
                39.613
              ],
              [
                2.539,
                39.7
              ],
              [
                2.684,
                39.794
              ],
              [
                2.778,
                39.845
              ],
              [
                2.988,
                39.911
              ],
              [
                3.071,
                39.922
              ],
              [
                3.097,
                39.911
              ],
              [
                3.092,
                39.901
              ],
              [
                3.089,
                39.891
              ],
              [
                3.089,
                39.886
              ],
              [
                3.124,
                39.812
              ],
              [
                3.135,
                39.792
              ],
              [
                3.138,
                39.787
              ],
              [
                3.152,
                39.776
              ],
              [
                3.181,
                39.76
              ],
              [
                3.241,
                39.736
              ],
              [
                3.248,
                39.735
              ],
              [
                3.261,
                39.734
              ],
              [
                3.275,
                39.738
              ],
              [
                3.293,
                39.746
              ],
              [
                3.324,
                39.759
              ],
              [
                3.333,
                39.766
              ],
              [
                3.344,
                39.776
              ],
              [
                3.383,
                39.773
              ],
              [
                3.44,
                39.75
              ],
              [
                3.48,
                39.722
              ],
              [
                3.48,
                39.711
              ],
              [
                3.464,
                39.661
              ],
              [
                3.447,
                39.64
              ],
              [
                3.378,
                39.553
              ],
              [
                3.372,
                39.549
              ]
            ]
          ],
          [
            [
              [
                4.088,
                39.891
              ],
              [
                4.085,
                39.896
              ],
              [
                4.08,
                39.899
              ],
              [
                4.041,
                39.916
              ],
              [
                4.029,
                39.92
              ],
              [
                3.985,
                39.93
              ],
              [
                3.966,
                39.934
              ],
              [
                3.938,
                39.932
              ],
              [
                3.924,
                39.929
              ],
              [
                3.911,
                39.926
              ],
              [
                3.891,
                39.921
              ],
              [
                3.885,
                39.92
              ],
              [
                3.878,
                39.92
              ],
              [
                3.827,
                39.922
              ],
              [
                3.797,
                40.017
              ],
              [
                3.831,
                40.053
              ],
              [
                3.836,
                40.056
              ],
              [
                3.868,
                40.058
              ],
              [
                3.938,
                40.059
              ],
              [
                4.122,
                40.056
              ],
              [
                4.174,
                40.05
              ],
              [
                4.241,
                39.994
              ],
              [
                4.273,
                39.961
              ],
              [
                4.316,
                39.879
              ],
              [
                4.317,
                39.846
              ],
              [
                4.314,
                39.832
              ],
              [
                4.3,
                39.814
              ],
              [
                4.295,
                39.811
              ],
              [
                4.289,
                39.807
              ],
              [
                4.276,
                39.806
              ],
              [
                4.263,
                39.809
              ],
              [
                4.257,
                39.811
              ],
              [
                4.238,
                39.816
              ],
              [
                4.116,
                39.868
              ],
              [
                4.101,
                39.878
              ],
              [
                4.091,
                39.885
              ],
              [
                4.088,
                39.891
              ]
            ]
          ],
          [
            [
              [
                1.39,
                38.643
              ],
              [
                1.386,
                38.648
              ],
              [
                1.386,
                38.658
              ],
              [
                1.384,
                38.683
              ],
              [
                1.383,
                38.694
              ],
              [
                1.383,
                38.716
              ],
              [
                1.383,
                38.721
              ],
              [
                1.399,
                38.738
              ],
              [
                1.445,
                38.741
              ],
              [
                1.573,
                38.691
              ],
              [
                1.578,
                38.688
              ],
              [
                1.587,
                38.672
              ],
              [
                1.588,
                38.667
              ],
              [
                1.576,
                38.656
              ],
              [
                1.569,
                38.654
              ],
              [
                1.556,
                38.654
              ],
              [
                1.531,
                38.654
              ],
              [
                1.524,
                38.655
              ],
              [
                1.518,
                38.657
              ],
              [
                1.505,
                38.669
              ],
              [
                1.494,
                38.676
              ],
              [
                1.463,
                38.686
              ],
              [
                1.457,
                38.687
              ],
              [
                1.444,
                38.683
              ],
              [
                1.39,
                38.643
              ]
            ]
          ],
          [
            [
              [
                -8.798570599945801,
                42.194530092195315
              ],
              [
                -8.644062962921875,
                42.419749818757815
              ],
              [
                -8.805045094879883,
                42.63155706973438
              ],
              [
                -8.941723790558594,
                42.824195466951174
              ],
              [
                -9.173123326691407,
                42.85590323062305
              ],
              [
                -9.246859517487305,
                42.900775514558596
              ],
              [
                -9.270803418549317,
                43.048690401033205
              ],
              [
                -9.197466817291993,
                43.158214174226565
              ],
              [
                -9.01358982602002,
                43.28085669131641
              ],
              [
                -8.849216428192872,
                43.326243959382815
              ],
              [
                -8.595722165497559,
                43.339618287996096
              ],
              [
                -8.310413327606934,
                43.35304983706836
              ],
              [
                -8.250697102936524,
                43.4304271564043
              ],
              [
                -8.220224347504395,
                43.61720999331836
              ],
              [
                -7.979528870972413,
                43.740054689363284
              ],
              [
                -7.636274781616944,
                43.721412263826174
              ],
              [
                -7.151302304657715,
                43.554942689851565
              ],
              [
                -6.8079757360542,
                43.523421846345705
              ],
              [
                -6.467573609741944,
                43.56272467227344
              ],
              [
                -6.208046403321045,
                43.640521608308596
              ],
              [
                -5.979656186493653,
                43.70537909121875
              ],
              [
                -5.820451226624268,
                43.70568808169727
              ],
              [
                -5.537417855652588,
                43.57745321841602
              ],
              [
                -5.224896397980469,
                43.507247529939455
              ],
              [
                -4.802335706146973,
                43.46944388003711
              ],
              [
                -4.110216107758301,
                43.45151098819141
              ],
              [
                -3.847605910691041,
                43.43916281314258
              ],
              [
                -3.4170004991615,
                43.37565191836719
              ],
              [
                -3.195965257080811,
                43.446883760408205
              ],
              [
                -3.007205691727417,
                43.55027350039844
              ],
              [
                -2.768362489136475,
                43.53787573428516
              ],
              [
                -2.367384400757569,
                43.326243959382815
              ],
              [
                -2.065644708069581,
                43.333270631746096
              ],
              [
                -1.914577808769959,
                43.3054157123125
              ],
              [
                -1.702391829880494,
                43.19593771548633
              ],
              [
                -1.491382804306763,
                43.20962103457813
              ],
              [
                -1.465651359947937,
                43.15488775821094
              ],
              [
                -1.557671156319397,
                43.04543264956836
              ],
              [
                -1.515127864273804,
                42.997562013582034
              ],
              [
                -1.44755240956189,
                42.98387869449024
              ],
              [
                -1.397272315415162,
                43.031756959871096
              ],
              [
                -0.907353666218537,
                42.881297670320315
              ],
              [
                -0.840018358620423,
                42.90865286441211
              ],
              [
                -0.611982133778351,
                42.73087652774219
              ],
              [
                -0.586789485605973,
                42.765060029939455
              ],
              [
                -0.46883657256009,
                42.75139196963672
              ],
              [
                -0.409914609583634,
                42.785567842439455
              ],
              [
                -0.216141254248637,
                42.717200838044924
              ],
              [
                -0.203663793,
                42.70031317325
              ],
              [
                -0.165626824440974,
                42.64883764834766
              ],
              [
                0.179550382701141,
                42.66251715274219
              ],
              [
                0.196265372840148,
                42.607825838044924
              ],
              [
                0.347843679991943,
                42.63517340274219
              ],
              [
                0.591923627463562,
                42.628333650544924
              ],
              [
                0.584142002669555,
                42.77189215274219
              ],
              [
                0.744199428168518,
                42.77189215274219
              ],
              [
                1.436910133939096,
                42.63422120947218
              ],
              [
                1.454372944795423,
                42.61290349092135
              ],
              [
                1.445833,
                42.601944
              ],
              [
                1.434444,
                42.576385
              ],
              [
                1.421389,
                42.54583
              ],
              [
                1.424166,
                42.493332
              ],
              [
                1.448333,
                42.450829
              ],
              [
                1.454722,
                42.441666
              ],
              [
                1.512222,
                42.436386
              ],
              [
                1.533333,
                42.436104
              ],
              [
                1.541667,
                42.437218
              ],
              [
                1.654444,
                42.467773
              ],
              [
                1.661111,
                42.471382
              ],
              [
                1.718889,
                42.503052
              ],
              [
                1.721249268066988,
                42.50624401013888
              ],
              [
                1.912632004273085,
                42.45393734381684
              ],
              [
                1.972097238064833,
                42.37682725081652
              ],
              [
                1.99367073496936,
                42.30715521426563
              ],
              [
                2.171107086745483,
                42.38231619449024
              ],
              [
                2.363173756209594,
                42.293494783357424
              ],
              [
                2.581510099974853,
                42.28666266055469
              ],
              [
                2.599267038909179,
                42.34814413638477
              ],
              [
                2.936504158583862,
                42.40964087100391
              ],
              [
                3.087081465331298,
                42.36864431949024
              ],
              [
                3.086528334227783,
                42.329112611726565
              ],
              [
                3.086286100951416,
                42.1207233295
              ],
              [
                3.156553778258544,
                42.075721345857424
              ],
              [
                3.128878864852172,
                41.85722693057422
              ],
              [
                2.628259214965087,
                41.61954077334766
              ],
              [
                2.200590166655761,
                41.44614752383594
              ],
              [
                2.080724749175292,
                41.29848822207813
              ],
              [
                1.60982862433551,
                41.20915564151172
              ],
              [
                1.311244878379089,
                41.15725287051563
              ],
              [
                0.879201922026855,
                41.0217357501543
              ],
              [
                0.733751806822998,
                40.87495382876758
              ],
              [
                0.709782037345153,
                40.78514822574024
              ],
              [
                0.827125463095886,
                40.7274242267168
              ],
              [
                0.787556442824584,
                40.65688665957813
              ],
              [
                0.505141589251739,
                40.592757783845705
              ],
              [
                0.237927589026672,
                40.24019964785938
              ],
              [
                -0.160625037344712,
                39.886024080232424
              ],
              [
                -0.203663793,
                39.79943808169727
              ],
              [
                -0.284515861960667,
                39.63677176089649
              ],
              [
                -0.394848432930726,
                39.434459291414065
              ],
              [
                -0.235902842673081,
                39.06240423770313
              ],
              [
                -0.203663793,
                39.012652955964846
              ],
              [
                -0.165695284100789,
                38.95406302066211
              ],
              [
                0.126115980950576,
                38.821353517488284
              ],
              [
                0.172570082751495,
                38.738345704988284
              ],
              [
                -0.107004006000775,
                38.59149893374805
              ],
              [
                -0.203663793,
                38.54402884097461
              ],
              [
                -0.435155328902024,
                38.43033941836719
              ],
              [
                -0.56412681618573,
                38.21486624331836
              ],
              [
                -0.664728876742142,
                38.17657431216602
              ],
              [
                -0.872343566807526,
                37.75979956241016
              ],
              [
                -0.802563574703949,
                37.61500509829883
              ],
              [
                -0.918272283467072,
                37.57034262271289
              ],
              [
                -1.364567962082642,
                37.54839285464649
              ],
              [
                -1.625712480934876,
                37.439490877107424
              ],
              [
                -1.816879835518616,
                37.2924762591875
              ],
              [
                -1.940475192459839,
                36.95159872622852
              ],
              [
                -2.238797393234986,
                36.728396974519534
              ],
              [
                -2.35509749928357,
                36.82405050845508
              ],
              [
                -2.62433144131543,
                36.811297975496096
              ],
              [
                -2.761496749314087,
                36.69013937564258
              ],
              [
                -2.915331569107789,
                36.69013937564258
              ],
              [
                -2.969792333039063,
                36.74114950747852
              ],
              [
                -4.446585622223633,
                36.72201880069141
              ],
              [
                -4.757303681763428,
                36.48610647769336
              ],
              [
                -5.216736283692139,
                36.40959509463672
              ],
              [
                -5.374227490814942,
                36.23747595401172
              ],
              [
                -5.386749711426514,
                36.10998495669727
              ],
              [
                -5.424260106476563,
                36.07174261660938
              ],
              [
                -5.457090821656006,
                36.16735800357227
              ],
              [
                -5.487933125885743,
                36.173724733308596
              ],
              [
                -5.485486474427002,
                36.06536825747852
              ],
              [
                -5.660587277802247,
                36.008006654695315
              ],
              [
                -5.850014176758545,
                36.07174261660938
              ],
              [
                -6.204461064728516,
                36.28209646792774
              ],
              [
                -6.30497166195752,
                36.45422323794727
              ],
              [
                -6.288880792053956,
                36.57217749209766
              ],
              [
                -6.444025006684083,
                36.62318380923633
              ],
              [
                -6.50048586407544,
                36.718829713777346
              ],
              [
                -6.4217133192146,
                36.79216345401172
              ],
              [
                -6.632153954895752,
                37.02175100894336
              ],
              [
                -6.947954621704834,
                37.14931448550586
              ],
              [
                -7.010098424347657,
                37.165259920076174
              ],
              [
                -7.227823701294678,
                37.22585638614063
              ],
              [
                -7.491503682526368,
                37.20815619082813
              ],
              [
                -7.487998452576416,
                37.216353975251955
              ],
              [
                -7.351443734558838,
                37.64443548770313
              ],
              [
                -7.242514577301758,
                37.810897432283205
              ],
              [
                -6.844775166901368,
                38.10021170230274
              ],
              [
                -7.028099027069825,
                38.239581666902346
              ],
              [
                -7.393876519593018,
                38.294986329988284
              ],
              [
                -7.317340817841309,
                38.49962576480274
              ],
              [
                -7.08942457714917,
                38.79450186343555
              ],
              [
                -6.933383431824463,
                38.961349092439455
              ],
              [
                -7.006874528321045,
                39.05031546206836
              ],
              [
                -7.211435761841553,
                39.29820593448047
              ],
              [
                -7.43099876919629,
                39.5205150470293
              ],
              [
                -7.301257100495118,
                39.578712068513674
              ],
              [
                -7.084203687104004,
                39.59907492251758
              ],
              [
                -6.878323045166749,
                39.702395997957034
              ],
              [
                -6.858675923737305,
                39.79192312808399
              ],
              [
                -6.884172883423584,
                40.214034639314455
              ],
              [
                -6.824864831360596,
                40.656566225007815
              ],
              [
                -6.857170548828858,
                40.8615795001543
              ],
              [
                -6.834448781403321,
                41.06053503604297
              ],
              [
                -6.796627965363282,
                41.09282644839649
              ],
              [
                -6.241148915680665,
                41.320479951814455
              ],
              [
                -6.11153790036084,
                41.41746100039844
              ],
              [
                -6.139497723969239,
                41.526439271882815
              ],
              [
                -6.518426862152833,
                41.74909933658008
              ],
              [
                -6.586079564484375,
                41.857921205476565
              ],
              [
                -6.708704438599366,
                41.96004446597461
              ],
              [
                -6.85951849499585,
                41.98491247744922
              ],
              [
                -7.098435845764893,
                41.86795385928516
              ],
              [
                -7.918560948761719,
                41.8891673907793
              ],
              [
                -8.15726133862378,
                42.087039552644534
              ],
              [
                -8.405047383698243,
                42.00213583560352
              ],
              [
                -8.806055035980958,
                41.889178834871096
              ],
              [
                -8.860485997589844,
                42.0145336017168
              ],
              [
                -8.798570599945801,
                42.194530092195315
              ]
            ]
          ],
          [
            [
              [
                -13.808404046893443,
                29.04858821187777
              ],
              [
                -13.518161140877563,
                29.42848330171172
              ],
              [
                -13.421413505538938,
                29.090868332331816
              ],
              [
                -13.784217138058787,
                28.87929453021188
              ],
              [
                -13.880964773397412,
                28.19936673357924
              ],
              [
                -14.50982440309849,
                28.050049749026638
              ],
              [
                -14.147020770578637,
                28.391039461179965
              ],
              [
                -13.808404046893443,
                29.04858821187777
              ]
            ]
          ],
          [
            [
              [
                -15.211244759303536,
                27.900525135454227
              ],
              [
                -15.574048391823386,
                27.729386561264484
              ],
              [
                -15.912665115508583,
                27.900525135454227
              ],
              [
                -15.574048391823386,
                28.178048475293522
              ],
              [
                -15.404740029980792,
                28.19936673357924
              ],
              [
                -15.211244759303536,
                27.900525135454227
              ]
            ]
          ],
          [
            [
              [
                -16.081973477351177,
                28.539879155715276
              ],
              [
                -16.22709493035912,
                28.36975954738149
              ],
              [
                -16.638272380548287,
                28.050049749026638
              ],
              [
                -17.339692736753328,
                28.028701784947305
              ],
              [
                -17.291318919084016,
                28.284597224515256
              ],
              [
                -16.880141468894855,
                28.327186915315913
              ],
              [
                -16.081973477351177,
                28.539879155715276
              ]
            ]
          ]
        ]
      }
    },
    {
      "type": "Feature",
      "properties": {
        "nume": "Islanda",
        "bloc": "Vestic",
        "info": "Membru fondator NATO (1949), pozitie strategica in Atlanticul de Nord."
      },
      "geometry": {
        "type": "MultiPolygon",
        "coordinates": [
          [
            [
              [
                -24.218850102814454,
                65.53374060244923
              ],
              [
                -24.16153618374707,
                65.60662420840626
              ],
              [
                -23.972643819245118,
                65.68710669131642
              ],
              [
                -23.570521321686524,
                65.68056830020313
              ],
              [
                -23.26697060147168,
                65.72486456485157
              ],
              [
                -23.426138844879883,
                65.82667120547657
              ],
              [
                -23.608294454010743,
                65.9796329364336
              ],
              [
                -23.465569463166016,
                66.13343390078907
              ],
              [
                -23.341095891388672,
                66.13366278262501
              ],
              [
                -22.910920110138672,
                65.94440802188282
              ],
              [
                -22.609297719391602,
                65.92308386416798
              ],
              [
                -22.474139180573243,
                65.9963794574297
              ],
              [
                -22.56005569973828,
                66.11318548770313
              ],
              [
                -22.84109398404004,
                66.28103979678517
              ],
              [
                -22.676369634064454,
                66.39130743594532
              ],
              [
                -22.209818807038086,
                66.28955420108204
              ],
              [
                -21.779072728546875,
                66.25373419375782
              ],
              [
                -21.443249669464844,
                66.12991674991017
              ],
              [
                -21.24248978176953,
                65.88181646914845
              ],
              [
                -21.296168294342774,
                65.69941290469532
              ],
              [
                -21.494715657624024,
                65.56796606631642
              ],
              [
                -21.07972046414258,
                65.20544775576954
              ],
              [
                -20.830618825348633,
                65.36559637637501
              ],
              [
                -20.67248245755078,
                65.42404516787892
              ],
              [
                -20.38892647305371,
                65.47545202823048
              ],
              [
                -20.16844650784375,
                65.55589636416798
              ],
              [
                -20.141276326569336,
                65.65056952090626
              ],
              [
                -20.217385259064454,
                66.00059851260548
              ],
              [
                -19.973305669220704,
                66.11072882266407
              ],
              [
                -19.747664418610352,
                65.90652807803517
              ],
              [
                -19.556010213288086,
                65.76826056094532
              ],
              [
                -19.33599564114453,
                65.67393072696095
              ],
              [
                -19.239182439240235,
                65.66683539004688
              ],
              [
                -19.15589424649121,
                65.72528418155079
              ],
              [
                -19.274529424103516,
                65.92930182071095
              ],
              [
                -19.165436711701172,
                66.00257452578907
              ],
              [
                -19.0441236166084,
                66.01741369815235
              ],
              [
                -18.67629906216504,
                66.09119757266407
              ],
              [
                -18.369032826813477,
                65.89450415225392
              ],
              [
                -18.12792679348828,
                65.78552588076954
              ],
              [
                -17.883769002350586,
                65.75682409854298
              ],
              [
                -17.861041036041993,
                65.83708532901173
              ],
              [
                -18.02248283902051,
                66.07779272647267
              ],
              [
                -17.569674458893555,
                66.01286657901173
              ],
              [
                -16.92214104214551,
                65.97755011172657
              ],
              [
                -16.567986455353516,
                66.02934607119923
              ],
              [
                -16.375685658844727,
                66.13209112735157
              ],
              [
                -16.38522240200879,
                66.45441778750782
              ],
              [
                -15.859886136444825,
                66.4187198504961
              ],
              [
                -15.573985066803711,
                66.20676764102345
              ],
              [
                -15.070752110871094,
                66.06138952823048
              ],
              [
                -14.763337102326172,
                66.05466040225392
              ],
              [
                -14.640680280121583,
                65.94529303164845
              ],
              [
                -14.75407120266797,
                65.69707068057423
              ],
              [
                -14.400113072785157,
                65.5666919574297
              ],
              [
                -13.646900144013184,
                65.49534185977345
              ],
              [
                -13.58978840390088,
                65.43004187198048
              ],
              [
                -13.525573697479981,
                65.18334539981251
              ],
              [
                -13.557373967560547,
                65.00938757510548
              ],
              [
                -13.62584396878125,
                64.89389380069142
              ],
              [
                -13.694187131317872,
                64.77862890811329
              ],
              [
                -13.8934249548042,
                64.72070654483204
              ],
              [
                -14.260321584137696,
                64.71282538028126
              ],
              [
                -14.348122563751954,
                64.66953619571095
              ],
              [
                -14.365896191986817,
                64.47555883975392
              ],
              [
                -14.597537961395997,
                64.2671314105547
              ],
              [
                -14.821200337799805,
                64.19502600283985
              ],
              [
                -15.07680889645459,
                64.2089038714922
              ],
              [
                -15.266535725983399,
                64.28020819278126
              ],
              [
                -15.634139981659668,
                64.05748327823048
              ],
              [
                -15.876496282013672,
                63.99265631289844
              ],
              [
                -16.533839192780274,
                63.78413351626758
              ],
              [
                -16.91753860989453,
                63.73341330142383
              ],
              [
                -17.24438187161328,
                63.732825838044924
              ],
              [
                -17.591462102326172,
                63.689342103914065
              ],
              [
                -17.944104161652344,
                63.424842439607424
              ],
              [
                -18.156922307404297,
                63.36746176333789
              ],
              [
                -18.641863789948243,
                63.32381781192188
              ],
              [
                -18.96079155484082,
                63.33746298404102
              ],
              [
                -19.553091969879883,
                63.4146800860918
              ],
              [
                -19.826746907624024,
                63.47830160708789
              ],
              [
                -20.40394684353711,
                63.69834478946094
              ],
              [
                -20.879881825836915,
                63.74029120059375
              ],
              [
                -21.07912346402051,
                63.711341463044924
              ],
              [
                -21.547505345734375,
                63.71762045474414
              ],
              [
                -22.372910466583985,
                63.77318533511524
              ],
              [
                -22.50658890286328,
                63.865821443513674
              ],
              [
                -22.31133743801953,
                63.951984010652346
              ],
              [
                -21.804110494049805,
                64.11036261172657
              ],
              [
                -21.48847481289746,
                64.3761401996172
              ],
              [
                -21.85671326199414,
                64.38261755557423
              ],
              [
                -22.08617874661328,
                64.4395938739336
              ],
              [
                -22.278605428131836,
                64.61880072207813
              ],
              [
                -22.392422643097657,
                64.66170080752735
              ],
              [
                -22.553589787873047,
                64.62545355410938
              ],
              [
                -23.25753113308789,
                64.57384070010548
              ],
              [
                -23.508307423981446,
                64.55902441592579
              ],
              [
                -23.67457672634961,
                64.65931280703907
              ],
              [
                -23.61116692105176,
                64.74570044131642
              ],
              [
                -23.436671224030274,
                64.80359228701954
              ],
              [
                -23.135647740753907,
                64.84733923526173
              ],
              [
                -22.778422322663086,
                64.85519751162892
              ],
              [
                -22.450291600617188,
                64.90623053164845
              ],
              [
                -21.978291478546875,
                64.9503360614336
              ],
              [
                -21.80916496792676,
                65.03735693545704
              ],
              [
                -21.728949513825196,
                65.18245276065235
              ],
              [
                -21.79375931301953,
                65.29845007510548
              ],
              [
                -21.95479675808789,
                65.37804754825001
              ],
              [
                -22.146489110382813,
                65.38492163272267
              ],
              [
                -22.361592259796875,
                65.44994696231251
              ],
              [
                -22.813721623810547,
                65.47090490908985
              ],
              [
                -23.183239903839844,
                65.42658575625782
              ],
              [
                -23.37422844448926,
                65.35358770938282
              ],
              [
                -23.678452458771485,
                65.31669958682423
              ],
              [
                -24.14688774624707,
                65.43931921573048
              ],
              [
                -24.218850102814454,
                65.53374060244923
              ]
            ]
          ]
        ]
      }
    },
    {
      "type": "Feature",
      "properties": {
        "nume": "Regatul Unit",
        "bloc": "Vestic",
        "info": "Putere nucleara si membru fondator NATO, unul dintre pilonii aparator ai Vestului."
      },
      "geometry": {
        "type": "MultiPolygon",
        "coordinates": [
          [
            [
              [
                -0.203663793,
                53.52328451724414
              ],
              [
                0.081015858260375,
                53.3862262591875
              ],
              [
                0.174518886414749,
                53.29305990786914
              ],
              [
                0.267848494855148,
                53.12666281314258
              ],
              [
                0.250867608395797,
                53.04005392642383
              ],
              [
                0.00550119897483,
                52.786666475251955
              ],
              [
                0.326831850615722,
                52.707477174714846
              ],
              [
                0.504670116511566,
                52.847510896638674
              ],
              [
                0.741839024630767,
                52.901195131257815
              ],
              [
                1.012664351073486,
                52.88841589541797
              ],
              [
                1.375926766005737,
                52.809241853669924
              ],
              [
                1.585714611617309,
                52.650043092683596
              ],
              [
                1.691691670027954,
                52.311420045808596
              ],
              [
                1.656872067061645,
                52.21178396792774
              ],
              [
                1.511889729109985,
                52.02575644107227
              ],
              [
                1.031286153403503,
                51.812720857576174
              ],
              [
                0.68621805628894,
                51.56038626284961
              ],
              [
                0.254172805157882,
                51.453597627595705
              ],
              [
                0.804253611174804,
                51.37826880069141
              ],
              [
                1.030067357627136,
                51.35884817691211
              ],
              [
                1.189365777579528,
                51.40547140689258
              ],
              [
                1.364680680838806,
                51.35290487857227
              ],
              [
                1.334964427558166,
                51.12069662661914
              ],
              [
                0.886016640273315,
                50.981891237214846
              ],
              [
                0.888346943465454,
                50.89267309756641
              ],
              [
                0.672568890658599,
                50.930667482332034
              ],
              [
                0.191810223666412,
                50.73128470034961
              ],
              [
                -0.203663793,
                50.79532965274219
              ],
              [
                -0.335705709251183,
                50.816714845613284
              ],
              [
                -0.839040127190369,
                50.72180136294727
              ],
              [
                -1.103359904679078,
                50.816714845613284
              ],
              [
                -1.372512188347596,
                50.766273103669924
              ],
              [
                -2.085358705910462,
                50.702823244050784
              ],
              [
                -2.023685899170655,
                50.570010744050784
              ],
              [
                -2.431994643601197,
                50.64588888736133
              ],
              [
                -2.550505128296631,
                50.570010744050784
              ],
              [
                -2.960618939789551,
                50.72180136294727
              ],
              [
                -3.110884395035523,
                50.65736349673633
              ],
              [
                -3.521466937454957,
                50.61743124575977
              ],
              [
                -3.563183036240357,
                50.361434541658205
              ],
              [
                -3.715036120804566,
                50.219337068513674
              ],
              [
                -3.88174339810254,
                50.200397096589846
              ],
              [
                -4.00423809567334,
                50.314063631013674
              ],
              [
                -4.242629018219727,
                50.39146002383594
              ],
              [
                -4.303295102509278,
                50.32354315371875
              ],
              [
                -4.540565457733887,
                50.35795172305469
              ],
              [
                -4.967033830078858,
                50.21224554629688
              ],
              [
                -5.282338586243409,
                49.963824830964846
              ],
              [
                -5.429218259247559,
                50.06785162539844
              ],
              [
                -5.777813401612061,
                50.13411673159961
              ],
              [
                -5.237766232880372,
                50.34629400821094
              ],
              [
                -5.016647305878418,
                50.56051977725391
              ],
              [
                -4.815270390900391,
                50.60416754336719
              ],
              [
                -4.604564633759278,
                50.77874716372852
              ],
              [
                -4.551536527069825,
                50.99715765567188
              ],
              [
                -4.442557301911133,
                50.96866186709766
              ],
              [
                -4.277284589203614,
                51.063670717195315
              ],
              [
                -4.280993905457276,
                51.18723639102344
              ],
              [
                -3.825231519135254,
                51.234778963044924
              ],
              [
                -3.482996192368287,
                51.181109987214846
              ],
              [
                -3.066043343933838,
                51.177737794832034
              ],
              [
                -3.033148970993775,
                51.32989462466602
              ],
              [
                -2.894663300904053,
                51.39384802432422
              ],
              [
                -2.750154700669068,
                51.644027315095705
              ],
              [
                -3.172751632126587,
                51.46690710635547
              ],
              [
                -3.499117579849976,
                51.45965536685352
              ],
              [
                -4.159330811890381,
                51.67681463809375
              ],
              [
                -4.998957600983399,
                51.70170172305469
              ],
              [
                -5.178603139313477,
                51.787471376375
              ],
              [
                -5.248757806214112,
                51.860213838533205
              ],
              [
                -5.061464276703614,
                52.00643499942188
              ],
              [
                -4.619082894715088,
                52.093516908601565
              ],
              [
                -4.294657674225586,
                52.200320802644534
              ],
              [
                -4.123608317765015,
                52.37326391787891
              ],
              [
                -4.09387489834668,
                52.74550970645313
              ],
              [
                -4.14754601994397,
                52.83189734073047
              ],
              [
                -4.468318429383057,
                52.81130179019336
              ],
              [
                -4.621350255402344,
                52.83098181338672
              ],
              [
                -4.491883244904297,
                52.990977846101565
              ],
              [
                -4.317542043122071,
                53.09120901675586
              ],
              [
                -3.956724610718506,
                53.205150209382815
              ],
              [
                -3.329535689743775,
                53.233016572908205
              ],
              [
                -2.914475407990235,
                53.26714285464649
              ],
              [
                -3.056740966233033,
                53.513614259675784
              ],
              [
                -2.979541268738526,
                53.82085379214649
              ],
              [
                -2.865320411118287,
                54.02827414126758
              ],
              [
                -2.885938134583252,
                54.16866644473438
              ],
              [
                -3.261474337967652,
                54.14118155093555
              ],
              [
                -3.479265180023926,
                54.274600587800784
              ],
              [
                -3.569233384522217,
                54.41502722354297
              ],
              [
                -3.430405822190064,
                54.64308127017383
              ],
              [
                -3.152525153549927,
                54.838058076814455
              ],
              [
                -3.308701720627564,
                54.88473471255664
              ],
              [
                -3.576675858887452,
                54.924483858064455
              ],
              [
                -3.907677379044312,
                54.789668642
              ],
              [
                -4.121606316956299,
                54.762435518220705
              ],
              [
                -4.460701909455079,
                54.862403474763674
              ],
              [
                -4.50027367154004,
                54.77510794253711
              ],
              [
                -4.599911656769532,
                54.687755189851565
              ],
              [
                -4.902518239411133,
                54.734115205720705
              ],
              [
                -5.111419167908448,
                54.7940746173418
              ],
              [
                -5.066654172333497,
                54.94846685977344
              ],
              [
                -4.909992661865967,
                55.11034353824024
              ],
              [
                -4.638357129486817,
                55.42791327090625
              ],
              [
                -4.770515408905762,
                55.488421998933596
              ],
              [
                -4.907764401825684,
                55.66387137027149
              ],
              [
                -4.895102467926758,
                55.772105775789065
              ],
              [
                -4.758425202759522,
                55.819713197664065
              ],
              [
                -4.623294320496338,
                55.907962404207034
              ],
              [
                -4.710717168244141,
                56.13130911441211
              ],
              [
                -4.848367181214112,
                56.09715994449024
              ],
              [
                -5.134628739746827,
                55.893428407625
              ],
              [
                -5.333552804383057,
                55.879520021394534
              ],
              [
                -5.570167508515137,
                55.75051840396289
              ],
              [
                -5.633057561310547,
                55.93986090274219
              ],
              [
                -5.497018781098145,
                56.17727240176563
              ],
              [
                -5.300114598664063,
                56.428660951570315
              ],
              [
                -5.270704236420411,
                56.544147096589846
              ],
              [
                -5.45825478115918,
                56.63214071841602
              ],
              [
                -5.546579804810303,
                56.6523509845293
              ],
              [
                -5.644504037293213,
                56.51628454776172
              ],
              [
                -5.821677174958008,
                56.400497041658205
              ],
              [
                -6.043546166809815,
                56.47476538272266
              ],
              [
                -5.908959832581299,
                56.73325689883594
              ],
              [
                -5.665934529694336,
                56.937842927888674
              ],
              [
                -5.62528940716626,
                56.99921377749805
              ],
              [
                -5.726338830384034,
                57.258006654695315
              ],
              [
                -5.56160065213086,
                57.299258790925784
              ],
              [
                -5.460639920624512,
                57.38814505191211
              ],
              [
                -5.762965646179932,
                57.61977728457813
              ],
              [
                -5.568463769348877,
                57.777389131501955
              ],
              [
                -5.229971375855225,
                57.70964392276172
              ],
              [
                -5.055585351380127,
                57.75101812930469
              ],
              [
                -5.345933404358643,
                58.09274252505664
              ],
              [
                -4.907128301056641,
                58.168963991121096
              ],
              [
                -5.112714734467286,
                58.39491995425586
              ],
              [
                -4.925559487732666,
                58.56695517154102
              ],
              [
                -4.509851899536866,
                58.40292700381641
              ],
              [
                -4.138885226639527,
                58.44481619449024
              ],
              [
                -3.83054801503064,
                58.50719030948047
              ],
              [
                -3.440544810684937,
                58.528548799470705
              ],
              [
                -3.165008988770264,
                58.522201143220705
              ],
              [
                -3.02838965931775,
                58.405746065095705
              ],
              [
                -3.166374650391358,
                58.27510794253711
              ],
              [
                -3.943202701004761,
                57.958419404939455
              ],
              [
                -4.150455680283326,
                57.834815584138674
              ],
              [
                -4.248504605683106,
                57.636329256013674
              ],
              [
                -4.148425546082276,
                57.55452688784961
              ],
              [
                -3.795819249542969,
                57.54153021426563
              ],
              [
                -3.400818553360718,
                57.57644613833789
              ],
              [
                -3.092637029083985,
                57.57702597232227
              ],
              [
                -2.853980508240479,
                57.543319307283205
              ],
              [
                -2.150362935456055,
                57.571979127839846
              ],
              [
                -1.944626775177735,
                57.40166052432422
              ],
              [
                -2.107808676155823,
                57.210330568269534
              ],
              [
                -2.203161802681702,
                57.06481131167774
              ],
              [
                -2.158947673233765,
                57.014319978669924
              ],
              [
                -2.413140502365845,
                56.71725424380664
              ],
              [
                -2.514751401337403,
                56.66733893008594
              ],
              [
                -2.667135920914429,
                56.47100027652149
              ],
              [
                -2.980528798493165,
                56.35358389468555
              ],
              [
                -3.152406897934693,
                56.33681830020313
              ],
              [
                -2.949428286942261,
                56.25300558658008
              ],
              [
                -2.720856156739014,
                56.17819174380664
              ],
              [
                -2.772860255631226,
                56.17131384463672
              ],
              [
                -2.895339455994385,
                56.08550222964649
              ],
              [
                -3.169811215790528,
                56.06210669131641
              ],
              [
                -3.293507066162842,
                55.973914705232424
              ],
              [
                -3.894964661988038,
                55.98506888003711
              ],
              [
                -3.713039603623169,
                55.88469656558399
              ],
              [
                -3.577178683670777,
                55.88469656558399
              ],
              [
                -3.355851378830689,
                55.842689119294924
              ],
              [
                -3.161462273987549,
                55.84568365664844
              ],
              [
                -2.927901473435181,
                55.94603308291797
              ],
              [
                -2.742131438645142,
                55.95718725772266
              ],
              [
                -2.540346112641114,
                55.88469656558399
              ],
              [
                -2.245011058243531,
                55.81096609683399
              ],
              [
                -1.94199546852948,
                55.55607184024219
              ],
              [
                -1.719010558518189,
                55.4537425860918
              ],
              [
                -1.665979829224366,
                55.379588685945315
              ],
              [
                -1.695988979729432,
                55.27250250430469
              ],
              [
                -1.555618610771912,
                54.92161139102344
              ],
              [
                -1.388892021569031,
                54.68048056216602
              ],
              [
                -1.192056861313599,
                54.595355592683596
              ],
              [
                -0.870595899018067,
                54.54716833682422
              ],
              [
                -0.604803499373215,
                54.30016287417774
              ],
              [
                -0.295500930937546,
                54.03316839785938
              ],
              [
                -0.234880952703374,
                53.79938467593555
              ],
              [
                -0.319215585085171,
                53.57891424746875
              ],
              [
                -0.203663793,
                53.52328451724414
              ]
            ]
          ],
          [
            [
              [
                -5.698169675263184,
                55.330726228669924
              ],
              [
                -5.755679574402588,
                55.47726782412891
              ],
              [
                -5.68865725079419,
                55.62812002749805
              ],
              [
                -5.517836537750977,
                55.66802176089649
              ],
              [
                -5.482397046479004,
                55.442699037507815
              ],
              [
                -5.620342221649903,
                55.32952078433399
              ],
              [
                -5.698169675263184,
                55.330726228669924
              ]
            ]
          ],
          [
            [
              [
                -6.206393208893555,
                53.95674856753711
              ],
              [
                -6.286373105438965,
                54.079043947175784
              ],
              [
                -6.721553292664307,
                54.04649695010547
              ],
              [
                -6.666179623993653,
                54.161937318757815
              ],
              [
                -6.829872098358887,
                54.229312501863284
              ],
              [
                -6.947142568024415,
                54.34484823794727
              ],
              [
                -7.097825971039551,
                54.39300497622852
              ],
              [
                -7.211673226746338,
                54.229312501863284
              ],
              [
                -7.549550977143067,
                54.113833986238284
              ],
              [
                -7.899549451264161,
                54.20043905825977
              ],
              [
                -8.080057588013428,
                54.32558401675586
              ],
              [
                -8.125245538147706,
                54.45079763980274
              ],
              [
                -7.738254037293213,
                54.57607611270313
              ],
              [
                -7.955719437989014,
                54.691775880769534
              ],
              [
                -7.587795701416749,
                54.739993654207034
              ],
              [
                -7.414515462311524,
                54.95790060611133
              ],
              [
                -7.427515473755616,
                55.06380423159961
              ],
              [
                -7.225492921265381,
                55.104190431550784
              ],
              [
                -6.99682375470044,
                55.17202337832813
              ],
              [
                -6.645197835358399,
                55.2064281329668
              ],
              [
                -6.454310384186524,
                55.18654974551563
              ],
              [
                -6.279264417084473,
                55.139693819001955
              ],
              [
                -6.116521325501221,
                55.16022451968555
              ],
              [
                -6.018187966736573,
                55.093001924470705
              ],
              [
                -5.784886327179688,
                54.73741873355274
              ],
              [
                -5.763683762940186,
                54.656993471101565
              ],
              [
                -5.799925771149415,
                54.52288778872852
              ],
              [
                -5.661512818726319,
                54.32224615664844
              ],
              [
                -5.731388535889405,
                54.174869142488284
              ],
              [
                -5.912154164704102,
                54.02737768741016
              ],
              [
                -6.071708169373291,
                53.973590455964846
              ],
              [
                -6.206393208893555,
                53.95674856753711
              ]
            ]
          ]
        ]
      }
    },
    {
      "type": "Feature",
      "properties": {
        "nume": "Irlanda",
        "bloc": "Neutru",
        "info": "Stat neutru care nu a aderat la NATO pe tot parcursul Razboiului Rece."
      },
      "geometry": {
        "type": "MultiPolygon",
        "coordinates": [
          [
            [
              [
                -6.206393208893555,
                53.95674856753711
              ],
              [
                -6.343146768006104,
                53.93964346499805
              ],
              [
                -6.443396058472413,
                53.89937933535938
              ],
              [
                -6.334980454834717,
                53.78598364444141
              ],
              [
                -6.172213521393555,
                53.43919714541797
              ],
              [
                -6.043061223419922,
                52.89308889956836
              ],
              [
                -6.070682969483155,
                52.766604982332034
              ],
              [
                -6.232112851532715,
                52.61333426089649
              ],
              [
                -6.340896096619385,
                52.42706259341602
              ],
              [
                -6.405971017273682,
                52.21443899722461
              ],
              [
                -6.489150014313477,
                52.19435843081836
              ],
              [
                -6.616821256073731,
                52.22066458316211
              ],
              [
                -6.893897023590821,
                52.206649385408205
              ],
              [
                -6.961679425629395,
                52.111201845125
              ],
              [
                -7.372407880219239,
                52.092113100007815
              ],
              [
                -7.750648942383545,
                52.03270681949024
              ],
              [
                -7.86164948025586,
                51.96809347720508
              ],
              [
                -8.15881392041089,
                51.839644990876955
              ],
              [
                -8.565231290253418,
                51.61545141787891
              ],
              [
                -8.84775730648877,
                51.59982260318164
              ],
              [
                -9.243309941681641,
                51.47262915225391
              ],
              [
                -9.819109883698243,
                51.434554658845705
              ],
              [
                -9.795244183930176,
                51.604632936433596
              ],
              [
                -9.835420575531739,
                51.80326422305469
              ],
              [
                -10.216907468231934,
                51.75834997744922
              ],
              [
                -10.294031110199708,
                51.97762640567188
              ],
              [
                -9.96377464810254,
                52.092113100007815
              ],
              [
                -10.497328725250977,
                52.10165365786914
              ],
              [
                -10.469237294586915,
                52.206649385408205
              ],
              [
                -9.890640225800293,
                52.19443091006641
              ],
              [
                -9.801606145294922,
                52.241084657625
              ],
              [
                -9.784003224762696,
                52.3407054767168
              ],
              [
                -9.735718694123047,
                52.48028143496875
              ],
              [
                -9.503988233002442,
                52.54054983706836
              ],
              [
                -9.192634549530762,
                52.55445822329883
              ],
              [
                -9.134288754853028,
                52.68089636416797
              ],
              [
                -9.615690198334473,
                52.636634431794924
              ],
              [
                -9.441564526947754,
                52.83327826114063
              ],
              [
                -9.525756802948731,
                52.90455587954883
              ],
              [
                -9.309349980744141,
                53.11526831241016
              ],
              [
                -8.9969987539375,
                53.12044485659961
              ],
              [
                -8.923582997711915,
                53.16057547183399
              ],
              [
                -9.001670804413575,
                53.30037649722461
              ],
              [
                -9.158159222992676,
                53.2206989154375
              ],
              [
                -9.297359433563965,
                53.279803834871096
              ],
              [
                -9.440665212067383,
                53.26620825381641
              ],
              [
                -9.616703954132813,
                53.34587820620899
              ],
              [
                -9.802919354828614,
                53.34535177798633
              ],
              [
                -9.884814229401368,
                53.29739721866016
              ],
              [
                -10.159825292023438,
                53.374122224763674
              ],
              [
                -10.02107330838086,
                53.51185568423633
              ],
              [
                -10.151425328644532,
                53.575641237214846
              ],
              [
                -9.80959984341504,
                53.63241537661914
              ],
              [
                -9.872389760407227,
                53.767718873933596
              ],
              [
                -9.696483579071778,
                53.8734203204668
              ],
              [
                -9.912850346955079,
                53.96955832095508
              ],
              [
                -10.178537335785645,
                53.9118724689043
              ],
              [
                -10.159675565155762,
                54.13307150454883
              ],
              [
                -9.988787618073243,
                54.25371512027149
              ],
              [
                -9.891974416168946,
                54.32558401675586
              ],
              [
                -9.4742936758125,
                54.241309724763674
              ],
              [
                -9.32290550747754,
                54.275069795564455
              ],
              [
                -9.08584496060254,
                54.258189760164065
              ],
              [
                -8.590084996613282,
                54.20284994693164
              ],
              [
                -8.686731305512208,
                54.364112459138674
              ],
              [
                -8.30057999173047,
                54.48934897036914
              ],
              [
                -8.21147915402295,
                54.6339183673418
              ],
              [
                -8.829358067902344,
                54.6339183673418
              ],
              [
                -8.760042157562989,
                54.701427064851565
              ],
              [
                -8.50373932400586,
                54.749644838289065
              ],
              [
                -8.476253476532715,
                54.87985190005664
              ],
              [
                -8.345380750092286,
                55.09528311343555
              ],
              [
                -8.11831804791333,
                55.176631532625
              ],
              [
                -7.756225076111573,
                55.25272711367969
              ],
              [
                -7.657281365784424,
                55.1168285235918
              ],
              [
                -7.497830834778565,
                55.04973944278125
              ],
              [
                -7.427515473755616,
                55.06380423159961
              ],
              [
                -7.414515462311524,
                54.95790060611133
              ],
              [
                -7.587795701416749,
                54.739993654207034
              ],
              [
                -7.955719437989014,
                54.691775880769534
              ],
              [
                -7.738254037293213,
                54.57607611270313
              ],
              [
                -8.125245538147706,
                54.45079763980274
              ],
              [
                -8.080057588013428,
                54.32558401675586
              ],
              [
                -7.899549451264161,
                54.20043905825977
              ],
              [
                -7.549550977143067,
                54.113833986238284
              ],
              [
                -7.211673226746338,
                54.229312501863284
              ],
              [
                -7.097825971039551,
                54.39300497622852
              ],
              [
                -6.947142568024415,
                54.34484823794727
              ],
              [
                -6.829872098358887,
                54.229312501863284
              ],
              [
                -6.666179623993653,
                54.161937318757815
              ],
              [
                -6.721553292664307,
                54.04649695010547
              ],
              [
                -6.286373105438965,
                54.079043947175784
              ],
              [
                -6.206393208893555,
                53.95674856753711
              ]
            ]
          ]
        ]
      }
    },
    {
      "type": "Feature",
      "properties": {
        "nume": "Belgia",
        "bloc": "Vestic",
        "info": "Membru fondator NATO; din 1967 gazduieste cartierul general al Aliantei, la Bruxelles."
      },
      "geometry": {
        "type": "MultiPolygon",
        "coordinates": [
          [
            [
              [
                2.522131952849609,
                51.09112127871875
              ],
              [
                2.995262178984863,
                51.313479982332034
              ],
              [
                3.213605198470336,
                51.35356863589649
              ],
              [
                3.472019943801147,
                51.31439169497852
              ],
              [
                3.681297096816284,
                51.3214183673418
              ],
              [
                3.775046858397705,
                51.38774450869922
              ],
              [
                3.989524397460205,
                51.3437457904375
              ],
              [
                4.173045191375,
                51.32487829776172
              ],
              [
                4.406719717589599,
                51.34007605166797
              ],
              [
                4.39535096606372,
                51.41090353579883
              ],
              [
                4.533119234648925,
                51.40545233340625
              ],
              [
                4.67107346972583,
                51.40545233340625
              ],
              [
                4.791377100554687,
                51.487201295808596
              ],
              [
                4.932145628539306,
                51.37821539492969
              ],
              [
                5.010119947997314,
                51.43270071597461
              ],
              [
                5.112526926604492,
                51.40545233340625
              ],
              [
                5.243653807250244,
                51.23659475894336
              ],
              [
                5.484423193541748,
                51.28555639834766
              ],
              [
                5.823895964232666,
                51.116832338289065
              ],
              [
                5.774240049926025,
                50.92642553897266
              ],
              [
                5.696757826415283,
                50.88292654605274
              ],
              [
                5.697087320891601,
                50.730723939851565
              ],
              [
                5.999575647917968,
                50.74159964175586
              ],
              [
                6.154545816985351,
                50.66175802798633
              ],
              [
                6.28142503222583,
                50.49760016055469
              ],
              [
                6.298354181853515,
                50.286868654207034
              ],
              [
                6.108513388243896,
                50.11745413394336
              ],
              [
                6.007444891539794,
                50.149974428132815
              ],
              [
                5.94377568682788,
                50.11381109805469
              ],
              [
                5.833756479827148,
                50.047408662751955
              ],
              [
                5.737923655120117,
                49.90245779605274
              ],
              [
                5.745062384215576,
                49.755260072664065
              ],
              [
                5.884400400725585,
                49.66353567691211
              ],
              [
                5.823500189391357,
                49.50710638614063
              ],
              [
                5.787845644561035,
                49.55865439029102
              ],
              [
                5.475416693297607,
                49.480140291169924
              ],
              [
                5.41808799227832,
                49.582618318513674
              ],
              [
                5.251278433409912,
                49.674327455476565
              ],
              [
                5.097706827727539,
                49.76065405459766
              ],
              [
                4.859871897307617,
                49.78224142642383
              ],
              [
                4.877066645232421,
                49.88479956241016
              ],
              [
                4.81162408312915,
                49.965777955964846
              ],
              [
                4.865410837737304,
                50.13371618838672
              ],
              [
                4.754919085112792,
                50.10118826480274
              ],
              [
                4.668095144835693,
                49.96037634463672
              ],
              [
                4.467481646147949,
                49.94473227115039
              ],
              [
                4.28462794741748,
                49.91097982974414
              ],
              [
                4.156314882842285,
                49.965777955964846
              ],
              [
                4.188459906188232,
                50.05494650454883
              ],
              [
                4.14781621417163,
                50.13371618838672
              ],
              [
                4.21956971606372,
                50.24215658755664
              ],
              [
                4.050887617675048,
                50.31808813662891
              ],
              [
                3.791464838591796,
                50.339786134675784
              ],
              [
                3.674962076750976,
                50.334369264558596
              ],
              [
                3.603379520980102,
                50.47003897281055
              ],
              [
                3.370317253676635,
                50.4646068439043
              ],
              [
                3.28275969943164,
                50.52432592959766
              ],
              [
                3.191876682845336,
                50.730723939851565
              ],
              [
                3.122844490615112,
                50.807132326082034
              ],
              [
                2.938276085463745,
                50.713756166414065
              ],
              [
                2.875059876052124,
                50.68182333560352
              ],
              [
                2.755482468215209,
                50.73915823550586
              ],
              [
                2.615729364958984,
                50.890216432527346
              ],
              [
                2.522131952849609,
                51.09112127871875
              ]
            ]
          ]
        ]
      }
    },
    {
      "type": "Feature",
      "properties": {
        "nume": "Franta",
        "bloc": "Vestic",
        "info": "Putere nucleara; in 1966, sub de Gaulle, s-a retras din comandamentul militar integrat NATO."
      },
      "geometry": {
        "type": "MultiPolygon",
        "coordinates": [
          [
            [
              [
                7.03694862443205,
                45.93042834662081
              ],
              [
                6.955283197966796,
                45.93890341372852
              ],
              [
                6.674510035125,
                45.80327185244922
              ],
              [
                6.914330515471679,
                45.64829596133594
              ],
              [
                6.925548586455566,
                45.516681276277346
              ],
              [
                7.11911395510791,
                45.430484376863284
              ],
              [
                7.029197249022705,
                45.30801733584766
              ],
              [
                6.7859282823479,
                45.14932211490039
              ],
              [
                6.703588518706542,
                45.199195466951174
              ],
              [
                6.507319483367187,
                45.115707002595705
              ],
              [
                6.665318045226318,
                44.95452078433399
              ],
              [
                6.942603621093017,
                44.86865194888477
              ],
              [
                7.003469976989013,
                44.71953543277149
              ],
              [
                6.924694094268066,
                44.71501883120899
              ],
              [
                6.782917532531005,
                44.54787405581836
              ],
              [
                6.869778189269287,
                44.34917028994922
              ],
              [
                7.209197077361328,
                44.17309530825977
              ],
              [
                7.591079744902832,
                44.204696260408205
              ],
              [
                7.618774447051269,
                44.078311525300784
              ],
              [
                7.552810225096923,
                43.867450319246096
              ],
              [
                7.397118601409179,
                43.76409491153125
              ],
              [
                7.297616514769775,
                43.667300783113284
              ],
              [
                6.923080000487548,
                43.44766577334766
              ],
              [
                6.523014101592285,
                43.15085180850391
              ],
              [
                6.331224951354248,
                43.11186941714649
              ],
              [
                6.18777850588916,
                43.092288576082034
              ],
              [
                5.828570398894531,
                43.020816408113284
              ],
              [
                5.646554979888183,
                43.03331717105274
              ],
              [
                5.434490236846191,
                43.103656373933596
              ],
              [
                5.051816973296386,
                43.32809790225391
              ],
              [
                4.909845861998779,
                43.366439424470705
              ],
              [
                4.750594648925048,
                43.35325964541797
              ],
              [
                4.646513971892578,
                43.320865236238284
              ],
              [
                4.416764769164306,
                43.34614523501758
              ],
              [
                4.078196081725341,
                43.48708685489063
              ],
              [
                3.807468924132568,
                43.467227540925784
              ],
              [
                3.478712830153686,
                43.31209524722461
              ],
              [
                3.317868027297241,
                43.19595297427539
              ],
              [
                3.067900213805419,
                42.944564424470705
              ],
              [
                3.001891169158203,
                42.77080877871875
              ],
              [
                3.045898947325927,
                42.53945501895313
              ],
              [
                3.087081465331298,
                42.36864431949024
              ],
              [
                2.936504158583862,
                42.40964087100391
              ],
              [
                2.599267038909179,
                42.34814413638477
              ],
              [
                2.581510099974853,
                42.28666266055469
              ],
              [
                2.363173756209594,
                42.293494783357424
              ],
              [
                2.171107086745483,
                42.38231619449024
              ],
              [
                1.99367073496936,
                42.30715521426563
              ],
              [
                1.972097238064833,
                42.37682725081652
              ],
              [
                1.912632004273085,
                42.45393734381684
              ],
              [
                1.772888704862476,
                42.491356355003646
              ],
              [
                1.721232694912026,
                42.50622159671923
              ],
              [
                1.723611,
                42.509438
              ],
              [
                1.723333,
                42.515274
              ],
              [
                1.724444,
                42.524994
              ],
              [
                1.725278,
                42.529999
              ],
              [
                1.735278,
                42.554443
              ],
              [
                1.743055,
                42.563606
              ],
              [
                1.753889,
                42.57
              ],
              [
                1.768055,
                42.571106
              ],
              [
                1.774722,
                42.571106
              ],
              [
                1.78172,
                42.569962
              ],
              [
                1.738611,
                42.616386
              ],
              [
                1.698333,
                42.626106
              ],
              [
                1.563056,
                42.655548
              ],
              [
                1.556389,
                42.656387
              ],
              [
                1.491944,
                42.65361
              ],
              [
                1.481111,
                42.647217
              ],
              [
                1.454372944795423,
                42.61290349092135
              ],
              [
                1.436910133939096,
                42.63422120947218
              ],
              [
                0.744199428168518,
                42.77189215274219
              ],
              [
                0.584142002669555,
                42.77189215274219
              ],
              [
                0.591923627463562,
                42.628333650544924
              ],
              [
                0.347843679991943,
                42.63517340274219
              ],
              [
                0.196265372840148,
                42.607825838044924
              ],
              [
                0.179550382701141,
                42.66251715274219
              ],
              [
                -0.165626824440974,
                42.64883764834766
              ],
              [
                -0.203663793,
                42.70031317325
              ],
              [
                -0.216141254248637,
                42.717200838044924
              ],
              [
                -0.409914609583634,
                42.785567842439455
              ],
              [
                -0.46883657256009,
                42.75139196963672
              ],
              [
                -0.586789485605973,
                42.765060029939455
              ],
              [
                -0.611982133778351,
                42.73087652774219
              ],
              [
                -0.840018358620423,
                42.90865286441211
              ],
              [
                -0.907353666218537,
                42.881297670320315
              ],
              [
                -1.397272315415162,
                43.031756959871096
              ],
              [
                -1.44755240956189,
                42.98387869449024
              ],
              [
                -1.515127864273804,
                42.997562013582034
              ],
              [
                -1.557671156319397,
                43.04543264956836
              ],
              [
                -1.465651359947937,
                43.15488775821094
              ],
              [
                -1.491382804306763,
                43.20962103457813
              ],
              [
                -1.702391829880494,
                43.19593771548633
              ],
              [
                -1.914577808769959,
                43.3054157123125
              ],
              [
                -1.746070232781189,
                43.36016043277149
              ],
              [
                -1.561407771500367,
                43.524425111726565
              ],
              [
                -1.314379182251709,
                44.558963380769534
              ],
              [
                -1.135849919708985,
                44.600101076082034
              ],
              [
                -1.230320539864319,
                44.730411134675784
              ],
              [
                -1.331778016480225,
                44.61382635684375
              ],
              [
                -1.275514092835206,
                45.12873037906055
              ],
              [
                -1.175191727074402,
                45.50050314517383
              ],
              [
                -1.123440351876038,
                45.431617341951174
              ],
              [
                -0.900364187153595,
                45.29391058535938
              ],
              [
                -0.814226653965729,
                45.12184103579883
              ],
              [
                -0.728486028107422,
                45.01864203067188
              ],
              [
                -0.854702380093354,
                45.321448884919924
              ],
              [
                -1.138394918831604,
                45.58316382022266
              ],
              [
                -1.247395124825257,
                45.688148103669924
              ],
              [
                -1.236505594643372,
                45.8000446185625
              ],
              [
                -1.075199690254944,
                46.01461752505664
              ],
              [
                -1.165981498154419,
                46.18368109317188
              ],
              [
                -1.256056633385437,
                46.30683096499805
              ],
              [
                -1.402668443115967,
                46.403934083894534
              ],
              [
                -1.710726466568726,
                46.44879110904102
              ],
              [
                -1.942478146942872,
                46.70579870791797
              ],
              [
                -2.129660334976929,
                46.85084494204883
              ],
              [
                -2.004645553025025,
                47.04250296206836
              ],
              [
                -2.109477606209534,
                47.124042116121096
              ],
              [
                -2.263749804886597,
                47.18288382144336
              ],
              [
                -2.493711915406006,
                47.24692114444141
              ],
              [
                -2.576483931931275,
                47.324866853669924
              ],
              [
                -2.465543475540894,
                47.49438437075977
              ],
              [
                -2.613652196320313,
                47.572249971345705
              ],
              [
                -2.842474189194458,
                47.49190481753711
              ],
              [
                -3.062696423920411,
                47.60393866153125
              ],
              [
                -3.433526244553345,
                47.71681173892383
              ],
              [
                -3.711868014725464,
                47.79814871402149
              ],
              [
                -3.858102050217408,
                47.79180868716602
              ],
              [
                -3.954837766083497,
                47.90433844180469
              ],
              [
                -4.364373650940674,
                47.82931097598438
              ],
              [
                -4.390935388001221,
                47.94184836001758
              ],
              [
                -4.510127511414307,
                47.99813040347461
              ],
              [
                -4.675397363098877,
                48.01689489932422
              ],
              [
                -4.700306382569092,
                48.06380423159961
              ],
              [
                -4.312866177948731,
                48.10133322329883
              ],
              [
                -4.350984063538331,
                48.204566560701174
              ],
              [
                -4.587968316468018,
                48.25149496646289
              ],
              [
                -4.388901677521485,
                48.298438631013674
              ],
              [
                -4.350201573761719,
                48.390506349519534
              ],
              [
                -4.473793950470704,
                48.382937990144534
              ],
              [
                -4.592021432312745,
                48.392318330720705
              ],
              [
                -4.779634442719239,
                48.354774080232424
              ],
              [
                -4.761963334473389,
                48.55200155825977
              ],
              [
                -4.625704255493897,
                48.546668611482424
              ],
              [
                -4.488299336823243,
                48.61226614566211
              ],
              [
                -4.251477208527344,
                48.65191229434375
              ],
              [
                -3.998872962387818,
                48.73053701968555
              ],
              [
                -3.902217355164307,
                48.64596136660938
              ],
              [
                -3.821306434067505,
                48.721149049714846
              ],
              [
                -3.607873406800049,
                48.692950807527346
              ],
              [
                -3.557670083435791,
                48.810077272371096
              ],
              [
                -3.435057845505494,
                48.83645971866016
              ],
              [
                -3.091225352677125,
                48.87155111880664
              ],
              [
                -2.914459433945435,
                48.70678671450977
              ],
              [
                -2.79053541699292,
                48.58958014102344
              ],
              [
                -2.636378016861695,
                48.55200155825977
              ],
              [
                -2.342885461243409,
                48.67414816470508
              ],
              [
                -2.200072136315125,
                48.598983369783205
              ],
              [
                -2.07596763649823,
                48.65615805240039
              ],
              [
                -1.870566811951416,
                48.711742006257815
              ],
              [
                -1.857612696083802,
                48.60836752505664
              ],
              [
                -1.591356840523499,
                48.63750036807422
              ],
              [
                -1.456587758454102,
                48.683551393464846
              ],
              [
                -1.575547900589722,
                48.76814230533008
              ],
              [
                -1.588412251862305,
                48.88095053286914
              ],
              [
                -1.563408580216187,
                49.036239229158205
              ],
              [
                -1.579779472740906,
                49.2290111407793
              ],
              [
                -1.638999786766785,
                49.219607912019534
              ],
              [
                -1.891543593796509,
                49.526351533845705
              ],
              [
                -1.941284146698731,
                49.70930441470508
              ],
              [
                -1.52424713650586,
                49.65277060122852
              ],
              [
                -1.250969496163147,
                49.69987829776172
              ],
              [
                -1.288660493286866,
                49.520972810701174
              ],
              [
                -1.177143421562928,
                49.33254965396289
              ],
              [
                -1.023191001805085,
                49.39845999331836
              ],
              [
                -0.464948442372101,
                49.35137899966602
              ],
              [
                -0.239364930036086,
                49.28548773379688
              ],
              [
                -0.203663793,
                49.291812501863284
              ],
              [
                0.032870042530281,
                49.33370550723438
              ],
              [
                0.330848249999267,
                49.45495565982227
              ],
              [
                0.090372207967025,
                49.51055487246875
              ],
              [
                0.115054044333679,
                49.60227545352344
              ],
              [
                0.189372840729934,
                49.681026063875
              ],
              [
                0.528559717742187,
                49.8258014545
              ],
              [
                0.868757519332153,
                49.90724905581836
              ],
              [
                1.274518880454284,
                50.00430258365039
              ],
              [
                1.416228327361328,
                50.10984381289844
              ],
              [
                1.551989111510498,
                50.22880896182422
              ],
              [
                1.528296861258728,
                50.57772787661914
              ],
              [
                1.58892014941333,
                50.821883760408205
              ],
              [
                1.823555264083129,
                50.93456228824024
              ],
              [
                2.030328068343383,
                51.006656251863284
              ],
              [
                2.442595991698486,
                51.04803045840625
              ],
              [
                2.522131952849609,
                51.09112127871875
              ],
              [
                2.615729364958984,
                50.890216432527346
              ],
              [
                2.755482468215209,
                50.73915823550586
              ],
              [
                2.875059876052124,
                50.68182333560352
              ],
              [
                2.938276085463745,
                50.713756166414065
              ],
              [
                3.122844490615112,
                50.807132326082034
              ],
              [
                3.191876682845336,
                50.730723939851565
              ],
              [
                3.28275969943164,
                50.52432592959766
              ],
              [
                3.370317253676635,
                50.4646068439043
              ],
              [
                3.603379520980102,
                50.47003897281055
              ],
              [
                3.674962076750976,
                50.334369264558596
              ],
              [
                3.791464838591796,
                50.339786134675784
              ],
              [
                4.050887617675048,
                50.31808813662891
              ],
              [
                4.21956971606372,
                50.24215658755664
              ],
              [
                4.14781621417163,
                50.13371618838672
              ],
              [
                4.188459906188232,
                50.05494650454883
              ],
              [
                4.156314882842285,
                49.965777955964846
              ],
              [
                4.28462794741748,
                49.91097982974414
              ],
              [
                4.467481646147949,
                49.94473227115039
              ],
              [
                4.668095144835693,
                49.96037634463672
              ],
              [
                4.754919085112792,
                50.10118826480274
              ],
              [
                4.865410837737304,
                50.13371618838672
              ],
              [
                4.81162408312915,
                49.965777955964846
              ],
              [
                4.877066645232421,
                49.88479956241016
              ],
              [
                4.859871897307617,
                49.78224142642383
              ],
              [
                5.097706827727539,
                49.76065405459766
              ],
              [
                5.251278433409912,
                49.674327455476565
              ],
              [
                5.41808799227832,
                49.582618318513674
              ],
              [
                5.475416693297607,
                49.480140291169924
              ],
              [
                5.787845644561035,
                49.55865439029102
              ],
              [
                5.823500189391357,
                49.50710638614063
              ],
              [
                6.112331900206787,
                49.47865255923633
              ],
              [
                6.367956194487792,
                49.47348364444141
              ],
              [
                6.433043036071044,
                49.445331178621096
              ],
              [
                6.625501665679199,
                49.30178793521289
              ],
              [
                6.77724269351123,
                49.17690237613086
              ],
              [
                6.954413923827392,
                49.20173605533008
              ],
              [
                6.974740538207275,
                49.13656958194141
              ],
              [
                7.284997973052246,
                49.164493165925784
              ],
              [
                7.317378077117187,
                49.18621405215625
              ],
              [
                7.422812018004638,
                49.183108888582034
              ],
              [
                7.465429815856201,
                49.09933432193164
              ],
              [
                7.670458349791748,
                49.05900915713672
              ],
              [
                7.885707888213378,
                49.06520804019336
              ],
              [
                8.15829566439746,
                48.97834738345508
              ],
              [
                7.729077848998291,
                48.615619264558596
              ],
              [
                7.704579386321289,
                48.519576631501955
              ],
              [
                7.68064263781665,
                48.358523927644534
              ],
              [
                7.536028418151123,
                48.19133719058399
              ],
              [
                7.502136263457519,
                48.058272920564455
              ],
              [
                7.543118509856445,
                48.02423056216602
              ],
              [
                7.445963415709716,
                47.70879324527149
              ],
              [
                7.506581816283447,
                47.60370596499805
              ],
              [
                7.585364537036662,
                47.577724842763196
              ],
              [
                7.585018,
                47.577383
              ],
              [
                7.568828,
                47.577813
              ],
              [
                7.568542514096568,
                47.57749683842529
              ],
              [
                7.555836,
                47.563425
              ],
              [
                7.505698,
                47.542162
              ],
              [
                7.499831,
                47.535382
              ],
              [
                7.50238097190389,
                47.52979063176669
              ],
              [
                7.503209,
                47.527975
              ],
              [
                7.512914,
                47.527764
              ],
              [
                7.518251262133575,
                47.531941502290806
              ],
              [
                7.518777,
                47.532353
              ],
              [
                7.52186,
                47.533499
              ],
              [
                7.531557,
                47.529323
              ],
              [
                7.531089,
                47.526297
              ],
              [
                7.526442,
                47.514406
              ],
              [
                7.512528226419747,
                47.51735212110313
              ],
              [
                7.503181992508285,
                47.51933110522289
              ],
              [
                7.502271,
                47.519524
              ],
              [
                7.49965,
                47.51796
              ],
              [
                7.511173,
                47.502309
              ],
              [
                7.511472,
                47.497301
              ],
              [
                7.502382,
                47.493443
              ],
              [
                7.503148,
                47.49073
              ],
              [
                7.500375,
                47.489792
              ],
              [
                7.489588,
                47.481968
              ],
              [
                7.473425,
                47.48009
              ],
              [
                7.472569711708627,
                47.48088290517442
              ],
              [
                7.464198,
                47.488644
              ],
              [
                7.436647,
                47.498025
              ],
              [
                7.435443678146892,
                47.496384824903785
              ],
              [
                7.423550228397172,
                47.480173584297454
              ],
              [
                7.422789,
                47.479136
              ],
              [
                7.445898738766189,
                47.47430811289133
              ],
              [
                7.458182,
                47.471742
              ],
              [
                7.456642,
                47.470594
              ],
              [
                7.447866,
                47.462141
              ],
              [
                7.431556,
                47.459527
              ],
              [
                7.422632,
                47.445751
              ],
              [
                7.387726,
                47.432582
              ],
              [
                7.385648290258668,
                47.4336373178288
              ],
              [
                7.385265,
                47.433832
              ],
              [
                7.340966978968648,
                47.43909141168429
              ],
              [
                7.328665,
                47.440552
              ],
              [
                7.303602,
                47.438221
              ],
              [
                7.293771,
                47.433719
              ],
              [
                7.28485,
                47.434539
              ],
              [
                7.268618933731888,
                47.42891993018491
              ],
              [
                7.267766893372861,
                47.42862496039158
              ],
              [
                7.251825,
                47.423106
              ],
              [
                7.250365652521556,
                47.424259436819646
              ],
              [
                7.239459350975759,
                47.43287954269227
              ],
              [
                7.230898241159665,
                47.439646059525856
              ],
              [
                7.229313,
                47.440899
              ],
              [
                7.226381704227353,
                47.44037353598676
              ],
              [
                7.200422,
                47.43572
              ],
              [
                7.197932258382457,
                47.437817862739834
              ],
              [
                7.196718,
                47.438841
              ],
              [
                7.175167,
                47.443272
              ],
              [
                7.183229,
                47.462802
              ],
              [
                7.195085738597603,
                47.485853464763395
              ],
              [
                7.195587,
                47.486828
              ],
              [
                7.19941904770825,
                47.487961749897686
              ],
              [
                7.206964,
                47.490194
              ],
              [
                7.20556,
                47.494573
              ],
              [
                7.200486926411492,
                47.49407762685182
              ],
              [
                7.182902381062923,
                47.49236053928415
              ],
              [
                7.174986598430725,
                47.49158758259538
              ],
              [
                7.163859,
                47.490501
              ],
              [
                7.162912436426407,
                47.490881680030895
              ],
              [
                7.15674428515553,
                47.493362329066926
              ],
              [
                7.131314968877373,
                47.50358925219866
              ],
              [
                7.131149,
                47.503656
              ],
              [
                7.131083502969333,
                47.50362284535877
              ],
              [
                7.115183,
                47.495574
              ],
              [
                7.079515,
                47.487944
              ],
              [
                7.078588070791714,
                47.49013887356564
              ],
              [
                7.078107,
                47.491278
              ],
              [
                7.067777168630417,
                47.493242236547324
              ],
              [
                7.047857011008428,
                47.49703009137569
              ],
              [
                7.044192,
                47.497727
              ],
              [
                7.042658205744837,
                47.49765190522061
              ],
              [
                7.041884,
                47.497614
              ],
              [
                7.041465361877957,
                47.49779457777586
              ],
              [
                7.027981,
                47.503611
              ],
              [
                7.024923116179677,
                47.50291899329076
              ],
              [
                6.985255,
                47.493942
              ],
              [
                6.990445,
                47.480924
              ],
              [
                6.994228,
                47.47009
              ],
              [
                6.993321683035432,
                47.46700534226095
              ],
              [
                6.993031,
                47.466016
              ],
              [
                7.000652933383609,
                47.46528577431922
              ],
              [
                7.002425,
                47.465116
              ],
              [
                7.002914,
                47.461676
              ],
              [
                6.999889,
                47.455299
              ],
              [
                7.001736,
                47.455098
              ],
              [
                7.004059,
                47.45323
              ],
              [
                6.996671626977604,
                47.45168559899369
              ],
              [
                6.983175,
                47.448864
              ],
              [
                6.98239962750489,
                47.448268061010126
              ],
              [
                6.966521,
                47.436064
              ],
              [
                6.960697,
                47.433847
              ],
              [
                6.956563287588266,
                47.435040190501546
              ],
              [
                6.956072,
                47.435182
              ],
              [
                6.953996561241224,
                47.434764929057884
              ],
              [
                6.942258,
                47.432406
              ],
              [
                6.941128,
                47.405171
              ],
              [
                6.917316,
                47.404119
              ],
              [
                6.91949,
                47.401834
              ],
              [
                6.9134,
                47.395962
              ],
              [
                6.91516,
                47.388876
              ],
              [
                6.90937,
                47.383944
              ],
              [
                6.905203439206746,
                47.38327531666852
              ],
              [
                6.898634,
                47.382221
              ],
              [
                6.897654442187057,
                47.38127968787059
              ],
              [
                6.893614,
                47.377397
              ],
              [
                6.886472,
                47.369953
              ],
              [
                6.883440954350322,
                47.35458999510987
              ],
              [
                6.882825,
                47.351468
              ],
              [
                6.891268,
                47.351511
              ],
              [
                6.906553,
                47.35837
              ],
              [
                6.908707,
                47.357859
              ],
              [
                6.911238297093395,
                47.357746471344804
              ],
              [
                6.927956137113791,
                47.357003280804236
              ],
              [
                6.938355,
                47.356541
              ],
              [
                6.976102,
                47.359424
              ],
              [
                6.983651542521053,
                47.361732278175005
              ],
              [
                7.007280276528063,
                47.36895678096566
              ],
              [
                7.016236,
                47.371695
              ],
              [
                7.016932793612131,
                47.371800832070306
              ],
              [
                7.019765,
                47.372231
              ],
              [
                7.020893303839894,
                47.37091820585926
              ],
              [
                7.022089,
                47.369527
              ],
              [
                7.030533921264364,
                47.368769729743775
              ],
              [
                7.03546,
                47.368328
              ],
              [
                7.035779,
                47.36666
              ],
              [
                7.037106555480791,
                47.36226604431552
              ],
              [
                7.037196,
                47.36197
              ],
              [
                7.046544881291458,
                47.3606552427999
              ],
              [
                7.051645,
                47.359938
              ],
              [
                7.051129450247653,
                47.34703144449163
              ],
              [
                7.051124,
                47.346895
              ],
              [
                7.061975865599689,
                47.34330270753758
              ],
              [
                7.06328,
                47.342871
              ],
              [
                7.06026826251392,
                47.34024574288211
              ],
              [
                7.055347,
                47.335956
              ],
              [
                7.057097883970507,
                47.334570105942554
              ],
              [
                7.057971,
                47.333879
              ],
              [
                7.053995410070606,
                47.33298275246761
              ],
              [
                7.038205,
                47.329423
              ],
              [
                7.033439949384966,
                47.32827117764349
              ],
              [
                7.01232,
                47.323166
              ],
              [
                7.012503,
                47.319306
              ],
              [
                7.017114,
                47.318282
              ],
              [
                7.015948994381204,
                47.31474581686733
              ],
              [
                7.015637584707208,
                47.313800583969936
              ],
              [
                7.01202,
                47.30282
              ],
              [
                7.010487,
                47.30271
              ],
              [
                6.999037,
                47.296194
              ],
              [
                6.989438355443021,
                47.29647403526199
              ],
              [
                6.980322,
                47.29674
              ],
              [
                6.979735685762548,
                47.29598154351596
              ],
              [
                6.976681,
                47.29203
              ],
              [
                6.95539804543353,
                47.292220817103704
              ],
              [
                6.95337,
                47.292239
              ],
              [
                6.952915644215403,
                47.29182147042358
              ],
              [
                6.952457,
                47.2914
              ],
              [
                6.943465,
                47.285412
              ],
              [
                6.954341,
                47.269603
              ],
              [
                6.94958,
                47.253828
              ],
              [
                6.957953,
                47.242807
              ],
              [
                6.945005,
                47.234714
              ],
              [
                6.935536,
                47.231748
              ],
              [
                6.930389,
                47.22536
              ],
              [
                6.893217,
                47.205979
              ],
              [
                6.883621,
                47.201235
              ],
              [
                6.876278,
                47.186173
              ],
              [
                6.873456048065949,
                47.18648930251253
              ],
              [
                6.871835,
                47.186671
              ],
              [
                6.869297387552915,
                47.18529707110283
              ],
              [
                6.865991137420727,
                47.183506981917574
              ],
              [
                6.858568284751652,
                47.17948805783278
              ],
              [
                6.845366,
                47.17234
              ],
              [
                6.844167,
                47.170038
              ],
              [
                6.858746,
                47.165944
              ],
              [
                6.857816985478816,
                47.165180514689126
              ],
              [
                6.846338968428881,
                47.15574761863016
              ],
              [
                6.835101,
                47.146512
              ],
              [
                6.829913,
                47.145544
              ],
              [
                6.803801,
                47.12964
              ],
              [
                6.796486,
                47.127718
              ],
              [
                6.743385,
                47.108716
              ],
              [
                6.744855883578915,
                47.10143233889566
              ],
              [
                6.745764458168092,
                47.09693317289066
              ],
              [
                6.746815,
                47.091731
              ],
              [
                6.745148,
                47.090677
              ],
              [
                6.73804305944754,
                47.09088662857723
              ],
              [
                6.727727,
                47.091191
              ],
              [
                6.721785687462121,
                47.088752474543526
              ],
              [
                6.705246,
                47.081964
              ],
              [
                6.70943,
                47.07761
              ],
              [
                6.708107,
                47.073845
              ],
              [
                6.702441183141495,
                47.07128104246877
              ],
              [
                6.699857825472227,
                47.070111993147655
              ],
              [
                6.694298,
                47.067596
              ],
              [
                6.704967,
                47.057966
              ],
              [
                6.713558,
                47.054893
              ],
              [
                6.721392,
                47.051293
              ],
              [
                6.701712,
                47.039476
              ],
              [
                6.699098691838104,
                47.03892583533956
              ],
              [
                6.698468023279561,
                47.038793064333674
              ],
              [
                6.676608,
                47.034191
              ],
              [
                6.643967,
                47.002763
              ],
              [
                6.626155386611776,
                46.99853994207055
              ],
              [
                6.610897686395433,
                46.99492240611357
              ],
              [
                6.594894,
                46.991128
              ],
              [
                6.584146817798342,
                46.98802351897988
              ],
              [
                6.523222639289028,
                46.97042467750685
              ],
              [
                6.51055,
                46.966764
              ],
              [
                6.510241199788197,
                46.96706733376022
              ],
              [
                6.50202,
                46.975143
              ],
              [
                6.497894605182912,
                46.97254832039897
              ],
              [
                6.490415,
                46.967844
              ],
              [
                6.475701,
                46.955718
              ],
              [
                6.453949567147609,
                46.94083746643534
              ],
              [
                6.449325880344214,
                46.937674321867476
              ],
              [
                6.436142,
                46.928655
              ],
              [
                6.468513,
                46.890756
              ],
              [
                6.467123,
                46.875302
              ],
              [
                6.464355,
                46.852114
              ],
              [
                6.437257,
                46.813579
              ],
              [
                6.439914,
                46.801604
              ],
              [
                6.461859,
                46.789593
              ],
              [
                6.456203,
                46.775144
              ],
              [
                6.454249,
                46.774083
              ],
              [
                6.444947,
                46.768156
              ],
              [
                6.421993,
                46.753861
              ],
              [
                6.393638,
                46.744832
              ],
              [
                6.394597,
                46.742337
              ],
              [
                6.389471,
                46.733002
              ],
              [
                6.382816,
                46.731999
              ],
              [
                6.372269,
                46.72835
              ],
              [
                6.375459,
                46.728172
              ],
              [
                6.374905,
                46.725559
              ],
              [
                6.367355,
                46.723816
              ],
              [
                6.311303,
                46.699052
              ],
              [
                6.224308,
                46.644709
              ],
              [
                6.210278,
                46.635789
              ],
              [
                6.205297,
                46.635108
              ],
              [
                6.195588567394397,
                46.629208949405175
              ],
              [
                6.163868325435269,
                46.60993505424632
              ],
              [
                6.122636237759769,
                46.58488155887695
              ],
              [
                6.107886,
                46.575919
              ],
              [
                6.132902,
                46.555884
              ],
              [
                6.138891261182868,
                46.557371537442236
              ],
              [
                6.146684,
                46.559307
              ],
              [
                6.162595,
                46.545604
              ],
              [
                6.152974,
                46.538622
              ],
              [
                6.157268,
                46.536063
              ],
              [
                6.148528,
                46.528762
              ],
              [
                6.142406,
                46.531925
              ],
              [
                6.100927,
                46.480722
              ],
              [
                6.076564,
                46.465191
              ],
              [
                6.079432,
                46.453435
              ],
              [
                6.092004,
                46.445658
              ],
              [
                6.089276,
                46.440199
              ],
              [
                6.078755,
                46.432767
              ],
              [
                6.068907,
                46.41689
              ],
              [
                6.087496011445568,
                46.409593467806005
              ],
              [
                6.098792027536206,
                46.40515957172118
              ],
              [
                6.117641,
                46.397761
              ],
              [
                6.120317,
                46.399253
              ],
              [
                6.155268404632564,
                46.37885835836991
              ],
              [
                6.156251,
                46.378285
              ],
              [
                6.158929211675651,
                46.37893788625607
              ],
              [
                6.163442,
                46.380038
              ],
              [
                6.166362,
                46.377672
              ],
              [
                6.175338,
                46.367758
              ],
              [
                6.163061,
                46.351966
              ],
              [
                6.144176,
                46.335782
              ],
              [
                6.144214,
                46.334217
              ],
              [
                6.138227,
                46.326634
              ],
              [
                6.131789,
                46.319046
              ],
              [
                6.12467,
                46.30258
              ],
              [
                6.127468,
                46.298961
              ],
              [
                6.108846,
                46.285487
              ],
              [
                6.11861,
                46.273918
              ],
              [
                6.115494,
                46.272211
              ],
              [
                6.12613,
                46.261696
              ],
              [
                6.130106,
                46.252874
              ],
              [
                6.128784,
                46.251606
              ],
              [
                6.116083,
                46.242481
              ],
              [
                6.107586,
                46.239666
              ],
              [
                6.105244229261026,
                46.24146872785795
              ],
              [
                6.096243,
                46.248398
              ],
              [
                6.091113556709614,
                46.24742182015136
              ],
              [
                6.075151,
                46.244384
              ],
              [
                6.074660802724956,
                46.24467016120543
              ],
              [
                6.0692,
                46.247858
              ],
              [
                6.066361279451629,
                46.24545226119592
              ],
              [
                6.05258,
                46.233773
              ],
              [
                6.04750853206311,
                46.236657566195646
              ],
              [
                6.040375,
                46.240715
              ],
              [
                6.037067848369304,
                46.23896579448712
              ],
              [
                6.007625,
                46.223393
              ],
              [
                6.00669,
                46.224633
              ],
              [
                6.004501982032465,
                46.22452975327559
              ],
              [
                5.997535,
                46.224201
              ],
              [
                5.998313002993175,
                46.222234467423185
              ],
              [
                5.999794,
                46.218491
              ],
              [
                5.986594242460955,
                46.220045000205666
              ],
              [
                5.986229,
                46.220088
              ],
              [
                5.98537127570471,
                46.21825635610805
              ],
              [
                5.978707,
                46.204025
              ],
              [
                5.970463,
                46.197968
              ],
              [
                6.000877,
                46.183968
              ],
              [
                5.995899,
                46.179312
              ],
              [
                5.997445,
                46.177663
              ],
              [
                5.994274,
                46.172822
              ],
              [
                5.991269207118759,
                46.174507150397325
              ],
              [
                5.989547,
                46.175473
              ],
              [
                5.987441823267057,
                46.17097487157366
              ],
              [
                5.983307,
                46.16214
              ],
              [
                5.962663,
                46.132651
              ],
              [
                5.964927481553066,
                46.12980065190222
              ],
              [
                5.965616,
                46.128934
              ],
              [
                5.976368,
                46.130641
              ],
              [
                5.977828,
                46.132121
              ],
              [
                5.989939572189548,
                46.1422691929551
              ],
              [
                5.990733,
                46.142934
              ],
              [
                6.030542,
                46.140944
              ],
              [
                6.040708566373653,
                46.136739506882456
              ],
              [
                6.044494,
                46.135174
              ],
              [
                6.056446480816662,
                46.148624499097124
              ],
              [
                6.059215,
                46.15174
              ],
              [
                6.081313,
                46.150136
              ],
              [
                6.083053431027602,
                46.14896747916815
              ],
              [
                6.083145,
                46.148906
              ],
              [
                6.086529362728195,
                46.14959255982019
              ],
              [
                6.099565,
                46.152237
              ],
              [
                6.10357,
                46.148112
              ],
              [
                6.100328,
                46.145777
              ],
              [
                6.103403,
                46.142788
              ],
              [
                6.105769,
                46.144173
              ],
              [
                6.131559045275426,
                46.140905411370454
              ],
              [
                6.135114,
                46.140455
              ],
              [
                6.150742,
                46.145543
              ],
              [
                6.153679,
                46.148185
              ],
              [
                6.158159439587455,
                46.15177578708396
              ],
              [
                6.158831,
                46.152314
              ],
              [
                6.161296105126697,
                46.1530017942436
              ],
              [
                6.182235,
                46.158844
              ],
              [
                6.185065042619269,
                46.16425470898637
              ],
              [
                6.188024370961475,
                46.16991259708522
              ],
              [
                6.192721,
                46.178892
              ],
              [
                6.198562151728495,
                46.182240390634284
              ],
              [
                6.200060168142895,
                46.18309911582499
              ],
              [
                6.228732,
                46.199535
              ],
              [
                6.230334,
                46.201744
              ],
              [
                6.239170730513545,
                46.20548078916776
              ],
              [
                6.242236,
                46.206777
              ],
              [
                6.249822997023163,
                46.20561318264287
              ],
              [
                6.251128,
                46.205413
              ],
              [
                6.251504353791655,
                46.20638674076254
              ],
              [
                6.251695,
                46.20688
              ],
              [
                6.256350937865641,
                46.20861655571516
              ],
              [
                6.262447540138147,
                46.21089044549309
              ],
              [
                6.295157626273098,
                46.22309054108289
              ],
              [
                6.298336,
                46.224276
              ],
              [
                6.315574,
                46.247616
              ],
              [
                6.315677,
                46.257008
              ],
              [
                6.310406,
                46.257475
              ],
              [
                6.310061440597694,
                46.25730441193416
              ],
              [
                6.308471,
                46.256517
              ],
              [
                6.303648,
                46.257093
              ],
              [
                6.303539165796264,
                46.25728096733714
              ],
              [
                6.302087,
                46.259789
              ],
              [
                6.303181,
                46.264913
              ],
              [
                6.29871681339475,
                46.26254033652684
              ],
              [
                6.274345,
                46.249587
              ],
              [
                6.271880890313146,
                46.25099650797164
              ],
              [
                6.268256,
                46.25307
              ],
              [
                6.269854,
                46.255591
              ],
              [
                6.257363,
                46.26297
              ],
              [
                6.24445,
                46.282342
              ],
              [
                6.250839,
                46.285855
              ],
              [
                6.260501,
                46.291071
              ],
              [
                6.25193149189064,
                46.30162689034805
              ],
              [
                6.251351574921714,
                46.30234123005773
              ],
              [
                6.248745,
                46.305552
              ],
              [
                6.247252,
                46.305014
              ],
              [
                6.247858232034116,
                46.30280009614411
              ],
              [
                6.247907,
                46.302622
              ],
              [
                6.2423,
                46.290979
              ],
              [
                6.221948,
                46.273123
              ],
              [
                6.216077,
                46.266798
              ],
              [
                6.202162,
                46.263825
              ],
              [
                6.197345,
                46.244677
              ],
              [
                6.198605,
                46.242187
              ],
              [
                6.197942,
                46.238424
              ],
              [
                6.178509,
                46.214935
              ],
              [
                6.179292,
                46.213588
              ],
              [
                6.161295,
                46.206077
              ],
              [
                6.159074967819073,
                46.206352181478124
              ],
              [
                6.154365,
                46.206936
              ],
              [
                6.156029668489112,
                46.20846836495105
              ],
              [
                6.172219470275174,
                46.211872294689975
              ],
              [
                6.193824202060431,
                46.238419184332706
              ],
              [
                6.199127865688836,
                46.263974311208905
              ],
              [
                6.235320097735189,
                46.289106588791334
              ],
              [
                6.27784874181629,
                46.35037762441313
              ],
              [
                6.30354410983879,
                46.36604951821137
              ],
              [
                6.343528405304224,
                46.37010514332916
              ],
              [
                6.360944279594113,
                46.347862108145755
              ],
              [
                6.389247743870544,
                46.340049439200115
              ],
              [
                6.413511182182861,
                46.36002808258668
              ],
              [
                6.477321964444022,
                46.375612154443324
              ],
              [
                6.484300994278125,
                46.39337594537425
              ],
              [
                6.514880880306399,
                46.404865961350175
              ],
              [
                6.545074937533656,
                46.39478964497198
              ],
              [
                6.636771707491414,
                46.40672155389668
              ],
              [
                6.725509048568351,
                46.40831394149905
              ],
              [
                6.809147838242454,
                46.39368172924781
              ],
              [
                6.809164716402417,
                46.39291002226726
              ],
              [
                6.809442,
                46.380232
              ],
              [
                6.803756970829565,
                46.37715948535802
              ],
              [
                6.786747852923299,
                46.36796678603365
              ],
              [
                6.776061,
                46.362191
              ],
              [
                6.778199,
                46.347493
              ],
              [
                6.791481,
                46.332445
              ],
              [
                6.800353,
                46.333333
              ],
              [
                6.805632,
                46.319592
              ],
              [
                6.822674,
                46.316562
              ],
              [
                6.827686,
                46.312521
              ],
              [
                6.832137,
                46.304826
              ],
              [
                6.851695,
                46.291059
              ],
              [
                6.863716,
                46.292272
              ],
              [
                6.862077624091343,
                46.28216857439163
              ],
              [
                6.861581965293001,
                46.27911197927832
              ],
              [
                6.858636,
                46.260945
              ],
              [
                6.833348,
                46.236808
              ],
              [
                6.824351,
                46.235088
              ],
              [
                6.824545,
                46.231229
              ],
              [
                6.810805,
                46.19818
              ],
              [
                6.813128,
                46.192038
              ],
              [
                6.815782,
                46.183186
              ],
              [
                6.793758,
                46.154364
              ],
              [
                6.804016,
                46.136794
              ],
              [
                6.819389,
                46.130207
              ],
              [
                6.846047,
                46.133488
              ],
              [
                6.85345,
                46.128417
              ],
              [
                6.897702,
                46.127086
              ],
              [
                6.903116,
                46.125445
              ],
              [
                6.892672348315142,
                46.10869911394799
              ],
              [
                6.889006418234438,
                46.102820973881805
              ],
              [
                6.885557,
                46.09729
              ],
              [
                6.896006,
                46.086494
              ],
              [
                6.892603,
                46.082199
              ],
              [
                6.895204,
                46.076787
              ],
              [
                6.876258,
                46.054467
              ],
              [
                6.895760679882788,
                46.04402179961793
              ],
              [
                6.89613,
                46.043824
              ],
              [
                6.902407557297379,
                46.04703022106104
              ],
              [
                6.917585,
                46.054782
              ],
              [
                6.93021,
                46.066007
              ],
              [
                6.938739,
                46.066882
              ],
              [
                6.941151,
                46.06512
              ],
              [
                6.938823,
                46.057702
              ],
              [
                6.954584,
                46.053498
              ],
              [
                6.966898,
                46.032063
              ],
              [
                6.973811,
                46.028755
              ],
              [
                6.999323,
                46.001532
              ],
              [
                7.010091,
                46.00189
              ],
              [
                7.016774,
                45.988772
              ],
              [
                7.025339,
                45.983277
              ],
              [
                7.024618,
                45.979727
              ],
              [
                7.012098,
                45.974461
              ],
              [
                7.041289,
                45.948808
              ],
              [
                7.046237933514695,
                45.932034294340845
              ],
              [
                7.037211262339152,
                45.9299415774001
              ],
              [
                7.03694862443205,
                45.93042834662081
              ]
            ],
            [
              [
                7.127612089850768,
                47.50412665923657
              ],
              [
                7.122452626094552,
                47.501124960508214
              ],
              [
                7.112032424030039,
                47.49506264303412
              ],
              [
                7.127612089850768,
                47.50412665923657
              ]
            ]
          ],
          [
            [
              [
                6.159654924618628,
                46.251590014334234
              ],
              [
                6.157258785722756,
                46.242527238221385
              ],
              [
                6.15785,
                46.249443
              ],
              [
                6.159654924618628,
                46.251590014334234
              ]
            ]
          ],
          [
            [
              [
                6.231833,
                46.367868
              ],
              [
                6.235251631903526,
                46.37083150638401
              ],
              [
                6.216308983730783,
                46.348597810654255
              ],
              [
                6.218127,
                46.35457
              ],
              [
                6.231833,
                46.367868
              ]
            ]
          ],
          [
            [
              [
                6.264555,
                46.393889
              ],
              [
                6.274997280669589,
                46.391796602586055
              ],
              [
                6.274123806967107,
                46.39014042210051
              ],
              [
                6.26169003280859,
                46.39207075507718
              ],
              [
                6.262638523864614,
                46.39267271277224
              ],
              [
                6.264555,
                46.393889
              ]
            ]
          ],
          [
            [
              [
                6.358736,
                46.462151
              ],
              [
                6.36525699086738,
                46.46282451199413
              ],
              [
                6.381098835723138,
                46.46446071617481
              ],
              [
                6.386601,
                46.465029
              ],
              [
                6.389613,
                46.465371
              ],
              [
                6.397087,
                46.461373
              ],
              [
                6.399523,
                46.460248
              ],
              [
                6.409802602425591,
                46.46278240961851
              ],
              [
                6.426174558376593,
                46.46681887337637
              ],
              [
                6.399366830301586,
                46.458688728465745
              ],
              [
                6.384794633556074,
                46.46430289385845
              ],
              [
                6.354245795135136,
                46.46160046384986
              ],
              [
                6.355114,
                46.462115
              ],
              [
                6.358736,
                46.462151
              ]
            ]
          ],
          [
            [
              [
                6.519742,
                46.51662
              ],
              [
                6.535457470840142,
                46.51145088549285
              ],
              [
                6.51653703823645,
                46.51490118514051
              ],
              [
                6.516982141814686,
                46.51513989333759
              ],
              [
                6.519742,
                46.51662
              ]
            ]
          ],
          [
            [
              [
                6.562651694675019,
                46.5084165504548
              ],
              [
                6.558787383904959,
                46.507196480082904
              ],
              [
                6.552544208836605,
                46.50833497544344
              ],
              [
                6.561821398670404,
                46.508409849341675
              ],
              [
                6.562651694675019,
                46.5084165504548
              ]
            ]
          ],
          [
            [
              [
                6.591638,
                46.517827
              ],
              [
                6.595846,
                46.519216
              ],
              [
                6.601017331790772,
                46.51608563575438
              ],
              [
                6.59204288810731,
                46.51769616755476
              ],
              [
                6.586200074871915,
                46.51585142893481
              ],
              [
                6.591212222522517,
                46.51767231716695
              ],
              [
                6.591638,
                46.517827
              ]
            ]
          ],
          [
            [
              [
                6.681875,
                46.504198
              ],
              [
                6.707969,
                46.495821
              ],
              [
                6.717261,
                46.489832
              ],
              [
                6.726585275998491,
                46.48639649541344
              ],
              [
                6.720869389583737,
                46.485596225120794
              ],
              [
                6.689435812086666,
                46.50021827068076
              ],
              [
                6.661201919626937,
                46.505285056239714
              ],
              [
                6.673705,
                46.505184
              ],
              [
                6.681875,
                46.504198
              ]
            ]
          ],
          [
            [
              [
                6.746616765777744,
                46.48722760208947
              ],
              [
                6.750652322726847,
                46.4857809083158
              ],
              [
                6.744219743373183,
                46.48808690290761
              ],
              [
                6.749439,
                46.488686
              ],
              [
                6.75656,
                46.486749
              ],
              [
                6.780262,
                46.474689
              ],
              [
                6.789934,
                46.473809
              ],
              [
                6.803093,
                46.471592
              ],
              [
                6.817151,
                46.469796
              ],
              [
                6.836335,
                46.468549
              ],
              [
                6.836641,
                46.468134
              ],
              [
                6.838738761240986,
                46.46233642013193
              ],
              [
                6.832041624067764,
                46.46683262184003
              ],
              [
                6.776499274150077,
                46.47343949712618
              ],
              [
                6.743968139445676,
                46.48805802232323
              ],
              [
                6.744219743373181,
                46.48808690290761
              ],
              [
                6.746616765777744,
                46.48722760208947
              ]
            ]
          ],
          [
            [
              [
                6.857628,
                46.453434
              ],
              [
                6.864147785650463,
                46.44805050683118
              ],
              [
                6.857901656145032,
                46.44947118554421
              ],
              [
                6.840181095132023,
                46.46136809233204
              ],
              [
                6.856834,
                46.457082
              ],
              [
                6.857628,
                46.453434
              ]
            ]
          ],
          [
            [
              [
                6.881549,
                46.445633
              ],
              [
                6.882236929108263,
                46.44393614112276
              ],
              [
                6.865966216712505,
                46.44763690568847
              ],
              [
                6.871867,
                46.44819
              ],
              [
                6.881549,
                46.445633
              ]
            ]
          ],
          [
            [
              [
                6.913229,
                46.430352
              ],
              [
                6.919421,
                46.429548
              ],
              [
                6.927493,
                46.421136
              ],
              [
                6.934986,
                46.409904
              ],
              [
                6.925466,
                46.396191
              ],
              [
                6.924413,
                46.395977
              ],
              [
                6.920805,
                46.395021
              ],
              [
                6.919333375361632,
                46.39555478011343
              ],
              [
                6.919087353921615,
                46.39564401574372
              ],
              [
                6.930871450577103,
                46.408351227966136
              ],
              [
                6.900908887160469,
                46.439689214556104
              ],
              [
                6.893824328176765,
                46.44130059359181
              ],
              [
                6.906797,
                46.440232
              ],
              [
                6.913229,
                46.430352
              ]
            ]
          ],
          [
            [
              [
                6.870294701324003,
                46.39420266793923
              ],
              [
                6.866539,
                46.395577
              ],
              [
                6.86443,
                46.395461
              ],
              [
                6.864387211389201,
                46.394807051520516
              ],
              [
                6.863911,
                46.387529
              ],
              [
                6.859475142995175,
                46.388028804774066
              ],
              [
                6.857919770712584,
                46.38820405444768
              ],
              [
                6.860532891338509,
                46.39567135854787
              ],
              [
                6.887575519023547,
                46.39545537626506
              ],
              [
                6.872439,
                46.393418
              ],
              [
                6.870294701324003,
                46.39420266793923
              ]
            ]
          ],
          [
            [
              [
                8.62692645510791,
                41.73208960147266
              ],
              [
                8.74244979342578,
                41.8815990314043
              ],
              [
                8.692829165068847,
                41.913463197664065
              ],
              [
                8.561865839568359,
                41.8815990314043
              ],
              [
                8.537932428923828,
                41.94778021426563
              ],
              [
                8.589588198271972,
                41.957591615632815
              ],
              [
                8.668312105742675,
                42.02868612857227
              ],
              [
                8.626454386321289,
                42.09734304995899
              ],
              [
                8.510698351470214,
                42.13412436099414
              ],
              [
                8.51724627932666,
                42.20770224185352
              ],
              [
                8.628421816436035,
                42.26165731997852
              ],
              [
                8.500446352568847,
                42.359778963044924
              ],
              [
                8.60930064639209,
                42.48734625430469
              ],
              [
                8.879002604094726,
                42.624766908601565
              ],
              [
                9.000392946807128,
                42.63458975406055
              ],
              [
                9.018427881804687,
                42.69103964419727
              ],
              [
                9.149460825530273,
                42.710670076326174
              ],
              [
                9.237692865935546,
                42.664039216951174
              ],
              [
                9.280391726104003,
                42.727855287507815
              ],
              [
                9.270520243254882,
                42.882510744050784
              ],
              [
                9.303189310637695,
                42.983192048982424
              ],
              [
                9.367051157561523,
                42.988101564363284
              ],
              [
                9.414238962737304,
                42.90952643008594
              ],
              [
                9.432161364165527,
                42.79413565249805
              ],
              [
                9.405494722930175,
                42.58059652896289
              ],
              [
                9.458552393523437,
                42.55605658145313
              ],
              [
                9.486711535063964,
                42.4063793048418
              ],
              [
                9.45250895938037,
                42.04830511660938
              ],
              [
                9.35745624026416,
                41.90121039004688
              ],
              [
                9.30453875979541,
                41.575267396882815
              ],
              [
                9.173024210540039,
                41.34990652652149
              ],
              [
                9.038939509001953,
                41.36949881167774
              ],
              [
                9.01326850375293,
                41.457679353669924
              ],
              [
                8.828752550688964,
                41.49197729678516
              ],
              [
                8.726921114531738,
                41.56056936831836
              ],
              [
                8.85464862307666,
                41.65367849917774
              ],
              [
                8.823254618254882,
                41.68797644229297
              ],
              [
                8.62692645510791,
                41.73208960147266
              ]
            ]
          ]
        ]
      }
    },
    {
      "type": "Feature",
      "properties": {
        "nume": "Portugalia",
        "bloc": "Vestic",
        "info": "Membru fondator NATO (1949), desi cu regim autoritar pana in 1974."
      },
      "geometry": {
        "type": "MultiPolygon",
        "coordinates": [
          [
            [
              [
                -7.491503682526368,
                37.20815619082813
              ],
              [
                -7.603436437042969,
                37.16297873111133
              ],
              [
                -7.836042371186036,
                37.03225287051563
              ],
              [
                -8.033637967499512,
                37.00878866763477
              ],
              [
                -8.28023907223584,
                37.088580690339846
              ],
              [
                -8.541073766144532,
                37.088580690339846
              ],
              [
                -8.667059865387696,
                37.12144049258594
              ],
              [
                -8.990849461945313,
                36.990008912996096
              ],
              [
                -9.016643491181153,
                37.069800935701174
              ],
              [
                -8.841511693390625,
                37.52514608950977
              ],
              [
                -8.851028409394043,
                37.91018255801563
              ],
              [
                -8.932785954865235,
                37.96184118838672
              ],
              [
                -8.822993245514649,
                38.206073366121096
              ],
              [
                -8.84730335751416,
                38.384566865876955
              ],
              [
                -8.788920369538086,
                38.43598135562305
              ],
              [
                -8.853651967438477,
                38.4996410235918
              ],
              [
                -9.022322621735352,
                38.46102102847461
              ],
              [
                -9.236570325287598,
                38.41744955630664
              ],
              [
                -9.285158124359864,
                38.61946829409961
              ],
              [
                -9.069152799042481,
                38.64295919986133
              ],
              [
                -8.941892590912598,
                38.74191626162891
              ],
              [
                -8.960826840790528,
                38.81846197696094
              ],
              [
                -9.040849652680176,
                38.92018087954883
              ],
              [
                -9.175754514130372,
                38.73223074527149
              ],
              [
                -9.361637082489747,
                38.671145997957034
              ],
              [
                -9.522397008332032,
                38.6899371966875
              ],
              [
                -9.549007382782715,
                38.77451666446094
              ],
              [
                -9.459762540253418,
                38.95307882876758
              ],
              [
                -9.397706952484864,
                39.23036154361133
              ],
              [
                -9.415269818695801,
                39.366675935701174
              ],
              [
                -9.299269643219727,
                39.417735658601565
              ],
              [
                -9.11792274990918,
                39.64403494449024
              ],
              [
                -8.915585484894532,
                40.13814886660938
              ],
              [
                -8.969669309052247,
                40.19001730533008
              ],
              [
                -8.694069829376954,
                40.992171846345705
              ],
              [
                -8.851777997406739,
                41.40782888980274
              ],
              [
                -8.854754414948243,
                41.59685095401172
              ],
              [
                -8.920735326203125,
                41.76702078433399
              ],
              [
                -8.806055035980958,
                41.889178834871096
              ],
              [
                -8.405047383698243,
                42.00213583560352
              ],
              [
                -8.15726133862378,
                42.087039552644534
              ],
              [
                -7.918560948761719,
                41.8891673907793
              ],
              [
                -7.098435845764893,
                41.86795385928516
              ],
              [
                -6.85951849499585,
                41.98491247744922
              ],
              [
                -6.708704438599366,
                41.96004446597461
              ],
              [
                -6.586079564484375,
                41.857921205476565
              ],
              [
                -6.518426862152833,
                41.74909933658008
              ],
              [
                -6.139497723969239,
                41.526439271882815
              ],
              [
                -6.11153790036084,
                41.41746100039844
              ],
              [
                -6.241148915680665,
                41.320479951814455
              ],
              [
                -6.796627965363282,
                41.09282644839649
              ],
              [
                -6.834448781403321,
                41.06053503604297
              ],
              [
                -6.857170548828858,
                40.8615795001543
              ],
              [
                -6.824864831360596,
                40.656566225007815
              ],
              [
                -6.884172883423584,
                40.214034639314455
              ],
              [
                -6.858675923737305,
                39.79192312808399
              ],
              [
                -6.878323045166749,
                39.702395997957034
              ],
              [
                -7.084203687104004,
                39.59907492251758
              ],
              [
                -7.301257100495118,
                39.578712068513674
              ],
              [
                -7.43099876919629,
                39.5205150470293
              ],
              [
                -7.211435761841553,
                39.29820593448047
              ],
              [
                -7.006874528321045,
                39.05031546206836
              ],
              [
                -6.933383431824463,
                38.961349092439455
              ],
              [
                -7.08942457714917,
                38.79450186343555
              ],
              [
                -7.317340817841309,
                38.49962576480274
              ],
              [
                -7.393876519593018,
                38.294986329988284
              ],
              [
                -7.028099027069825,
                38.239581666902346
              ],
              [
                -6.844775166901368,
                38.10021170230274
              ],
              [
                -7.242514577301758,
                37.810897432283205
              ],
              [
                -7.351443734558838,
                37.64443548770313
              ],
              [
                -7.487998452576416,
                37.216353975251955
              ],
              [
                -7.491503682526368,
                37.20815619082813
              ]
            ]
          ]
        ]
      }
    },
    {
      "type": "Feature",
      "properties": {
        "nume": "Turcia",
        "bloc": "Vestic",
        "info": "Membru NATO din 1952, cu granita directa cu Blocul de Est si cu URSS."
      },
      "geometry": {
        "type": "MultiPolygon",
        "coordinates": [
          [
            [
              [
                44.79458907565234,
                37.13180502505664
              ],
              [
                44.61140731295703,
                37.13876684756641
              ],
              [
                44.41649535616992,
                36.964130006746096
              ],
              [
                44.34297088107226,
                36.90718039126758
              ],
              [
                44.199770960417965,
                36.95454367251758
              ],
              [
                44.153697046843746,
                37.07560309024219
              ],
              [
                44.16743377169726,
                37.19200476260547
              ],
              [
                44.04384520968554,
                37.259845338777346
              ],
              [
                43.879302057830074,
                37.29668768496875
              ],
              [
                43.76945022067187,
                37.1914020404375
              ],
              [
                43.61513045748828,
                37.201663576082034
              ],
              [
                43.25041106661914,
                37.270370088533205
              ],
              [
                43.08650115450976,
                37.25603827090625
              ],
              [
                42.949797663298824,
                37.32827719302539
              ],
              [
                42.75331405123828,
                37.286029420808596
              ],
              [
                42.6337156625664,
                37.22166784854297
              ],
              [
                42.53002837618945,
                37.201984010652346
              ],
              [
                42.501162561980465,
                37.312484346345705
              ],
              [
                42.40769866427539,
                37.32301291079883
              ],
              [
                42.29985717257617,
                37.1914020404375
              ],
              [
                41.987830195037105,
                37.054549776033205
              ],
              [
                41.45482161959765,
                36.95397909732227
              ],
              [
                41.134978327361324,
                36.97130545230274
              ],
              [
                40.79862884005664,
                37.026752077058596
              ],
              [
                40.60068038424609,
                36.99380453677539
              ],
              [
                39.92677977999804,
                36.690745912507815
              ],
              [
                39.671294245330074,
                36.63201483340625
              ],
              [
                39.17472747286914,
                36.552833162263674
              ],
              [
                38.92491820773242,
                36.621478639558596
              ],
              [
                38.235354456511715,
                36.821395479158205
              ],
              [
                38.11026290377734,
                36.80797537417774
              ],
              [
                37.691931757537105,
                36.640060029939455
              ],
              [
                37.35658553561328,
                36.60635717959766
              ],
              [
                37.0973501535332,
                36.61763723941211
              ],
              [
                36.747962030974605,
                36.69210013003711
              ],
              [
                36.64804366549609,
                36.69154318423633
              ],
              [
                36.58432296237109,
                36.70719488711719
              ],
              [
                36.55946258029101,
                36.563697420076174
              ],
              [
                36.60542205294726,
                36.360206209138674
              ],
              [
                36.71477797946093,
                36.16982992740039
              ],
              [
                36.43282226046679,
                36.11265905948047
              ],
              [
                36.36228850802539,
                35.94433554263477
              ],
              [
                36.272063288298824,
                35.868182741121096
              ],
              [
                36.19518187960742,
                35.8864818439043
              ],
              [
                36.14396193942187,
                35.82927282901172
              ],
              [
                35.96850493868945,
                35.885570131257815
              ],
              [
                35.829051050749996,
                35.884784303621096
              ],
              [
                35.71850493868945,
                36.091556154207034
              ],
              [
                35.664946589080074,
                36.133529268220705
              ],
              [
                35.70863250216601,
                36.21223410220508
              ],
              [
                35.81724074801562,
                36.301028810457034
              ],
              [
                36.0952635141289,
                36.48246344180469
              ],
              [
                36.104521784392574,
                36.56117209048633
              ],
              [
                36.08243087252734,
                36.621532045320315
              ],
              [
                35.95679381808398,
                36.74749334903125
              ],
              [
                35.89087584933398,
                36.7711139545
              ],
              [
                35.67174056491015,
                36.605784975007815
              ],
              [
                35.56761458834765,
                36.58741720767383
              ],
              [
                35.50617125949023,
                36.55855520816211
              ],
              [
                35.54760268649218,
                36.54018362613086
              ],
              [
                35.49458983859179,
                36.443099580720705
              ],
              [
                35.417082819548824,
                36.43260534854297
              ],
              [
                35.38869765719531,
                36.45359381289844
              ],
              [
                35.35417846163867,
                36.41423758120899
              ],
              [
                35.22052672824023,
                36.388003908113284
              ],
              [
                35.07137206515429,
                36.487708650544924
              ],
              [
                34.869910273162105,
                36.576922975496096
              ],
              [
                34.662383112517574,
                36.64777334781055
              ],
              [
                34.48512938937304,
                36.626781068757815
              ],
              [
                34.103220972624996,
                36.38032492251758
              ],
              [
                33.95171264132617,
                36.25157888980274
              ],
              [
                33.95405486544726,
                36.15975912661914
              ],
              [
                33.89098266085742,
                36.13877447696094
              ],
              [
                33.8358755441582,
                36.107295595125
              ],
              [
                33.83369735201953,
                36.07057150454883
              ],
              [
                33.753176722136715,
                36.14664038272266
              ],
              [
                33.481699976531246,
                36.05428274722461
              ],
              [
                33.171336207,
                35.97088202090625
              ],
              [
                32.904116663542965,
                35.976695619539065
              ],
              [
                32.64034179171679,
                36.007999025300784
              ],
              [
                32.33497909030078,
                36.128367982820315
              ],
              [
                31.902007135955078,
                36.496863923982424
              ],
              [
                31.37069037875293,
                36.712344728425784
              ],
              [
                30.90531066378711,
                36.79421576114063
              ],
              [
                30.59359076937793,
                36.76173361392383
              ],
              [
                30.540066752043945,
                36.64696081729297
              ],
              [
                30.496651682463867,
                36.37298163028125
              ],
              [
                30.472832712737304,
                36.18825491519336
              ],
              [
                30.394862207976562,
                36.118045412019534
              ],
              [
                30.279892954436523,
                36.1178050860918
              ],
              [
                30.166131052581054,
                36.18761786075
              ],
              [
                29.661955866423828,
                36.078345857576174
              ],
              [
                29.471932444182617,
                36.090694032625
              ],
              [
                29.29818824252246,
                36.17311819644336
              ],
              [
                29.002251658049804,
                36.69479712100391
              ],
              [
                28.81352714022754,
                36.53515585513477
              ],
              [
                28.46984580477832,
                36.73830755801563
              ],
              [
                28.266922983733398,
                36.7124095782793
              ],
              [
                28.014189753142578,
                36.527164064363284
              ],
              [
                27.91190246066211,
                36.69894369693164
              ],
              [
                27.941855463591796,
                36.75633963199024
              ],
              [
                28.051039728728515,
                36.8330150470293
              ],
              [
                27.998808893767578,
                36.909366212800784
              ],
              [
                27.55347732028125,
                36.91482504458789
              ],
              [
                27.30811027011035,
                36.92070730777149
              ],
              [
                27.268630060759765,
                37.04168280215625
              ],
              [
                27.52563956698535,
                37.131412111238284
              ],
              [
                27.49252418002246,
                37.23967321963672
              ],
              [
                27.364632639495117,
                37.328631959871096
              ],
              [
                27.160407099333984,
                37.36008032412891
              ],
              [
                27.12256148776172,
                37.49385031314258
              ],
              [
                27.141085657683593,
                37.64686544986133
              ],
              [
                27.179783854094726,
                37.77442892642383
              ],
              [
                27.13977340182422,
                37.88909109683399
              ],
              [
                26.961377176848632,
                37.94610556216602
              ],
              [
                26.67933181246875,
                38.104938112214846
              ],
              [
                26.51232055148242,
                38.066348634675784
              ],
              [
                26.393214258757812,
                38.10436209292774
              ],
              [
                26.39159873446582,
                38.219127260164065
              ],
              [
                26.468710932341796,
                38.44475897403125
              ],
              [
                26.527411493865234,
                38.41824301333789
              ],
              [
                26.742451700774414,
                38.27838858218555
              ],
              [
                26.997431788054687,
                38.40005835147266
              ],
              [
                26.819674524871093,
                38.52725180240039
              ],
              [
                26.828822168914062,
                38.58296164126758
              ],
              [
                26.69569686373828,
                38.640765748933596
              ],
              [
                26.709471735564453,
                38.69857367129688
              ],
              [
                26.9663801523125,
                38.76993139834766
              ],
              [
                27.034913096038085,
                38.82109793277149
              ],
              [
                27.004220041838867,
                38.88482626529102
              ],
              [
                26.936802897063476,
                38.924563966707034
              ],
              [
                26.78533652743457,
                38.94033392520313
              ],
              [
                26.78984740695117,
                39.024425111726565
              ],
              [
                26.87075141390918,
                39.05596884341602
              ],
              [
                26.797139200774414,
                39.12955816836719
              ],
              [
                26.70794394930957,
                39.18212851138477
              ],
              [
                26.704054865447265,
                39.250472627595705
              ],
              [
                26.602242502776367,
                39.25572928042774
              ],
              [
                26.7201586099541,
                39.33724936099414
              ],
              [
                26.85351279696582,
                39.46076925845508
              ],
              [
                26.92615226229785,
                39.476546846345705
              ],
              [
                26.957518610564453,
                39.54832800479297
              ],
              [
                26.8042650552666,
                39.56715353579883
              ],
              [
                26.546177897063476,
                39.51334723086719
              ],
              [
                26.138976130095703,
                39.43973883242969
              ],
              [
                26.06405738314746,
                39.45551260562305
              ],
              [
                26.084887537566406,
                39.604007326082034
              ],
              [
                26.14190391024707,
                39.66058310122852
              ],
              [
                26.140706095305664,
                39.74998053164844
              ],
              [
                26.127575907317382,
                39.878558717683596
              ],
              [
                26.186009440032226,
                39.997195802644534
              ],
              [
                26.320334467498046,
                39.99192389102344
              ],
              [
                26.40305236300586,
                40.176490388826174
              ],
              [
                26.481711420623046,
                40.18703802676563
              ],
              [
                26.76528266390918,
                40.37694128604297
              ],
              [
                26.996474299041015,
                40.371661745027346
              ],
              [
                27.056124720183593,
                40.4296947345293
              ],
              [
                27.271754297820312,
                40.450809083894534
              ],
              [
                27.32923415621875,
                40.35583456607227
              ],
              [
                27.449610743132812,
                40.30979498477344
              ],
              [
                27.525994333831054,
                40.297137819246096
              ],
              [
                27.76389411410449,
                40.28725393863086
              ],
              [
                27.830164942351562,
                40.34528311343555
              ],
              [
                27.79984382113574,
                40.40331991763477
              ],
              [
                27.679287943450195,
                40.46135290713672
              ],
              [
                27.80783179720996,
                40.50357016177539
              ],
              [
                27.953805002776367,
                40.48773916812305
              ],
              [
                28.00645926913379,
                40.450809083894534
              ],
              [
                27.908217463103515,
                40.35055502505664
              ],
              [
                28.00399116000293,
                40.36212881656055
              ],
              [
                28.47771933993457,
                40.39510305972461
              ],
              [
                28.75644019564746,
                40.37645300479297
              ],
              [
                28.926756891814453,
                40.35583456607227
              ],
              [
                29.052424463835937,
                40.33473166079883
              ],
              [
                29.122286829558593,
                40.41387137027149
              ],
              [
                29.08352759799121,
                40.45607718081836
              ],
              [
                28.873215708342773,
                40.471908174470705
              ],
              [
                28.77795890292285,
                40.524676881746096
              ],
              [
                28.90162185153125,
                40.62010534854297
              ],
              [
                29.52519706210254,
                40.68828924746875
              ],
              [
                29.713147196379882,
                40.693561159089846
              ],
              [
                29.882718119231445,
                40.746356569246096
              ],
              [
                29.683445963469726,
                40.75163611026172
              ],
              [
                29.41717246493457,
                40.741073213533205
              ],
              [
                29.320355448333007,
                40.741073213533205
              ],
              [
                29.28964332064746,
                40.806686006501955
              ],
              [
                29.014533075896484,
                40.97867163272266
              ],
              [
                29.161208185759765,
                41.21636541934375
              ],
              [
                29.577780756560546,
                41.153365694001955
              ],
              [
                30.13762381991504,
                41.13183554263477
              ],
              [
                30.25608733615039,
                41.18466528506641
              ],
              [
                30.744805368987304,
                41.04032476992969
              ],
              [
                31.21768287142871,
                41.05409201236133
              ],
              [
                31.404126200286132,
                41.16353949160938
              ],
              [
                31.385666880217773,
                41.2850414142168
              ],
              [
                31.666388544646484,
                41.394813142732424
              ],
              [
                31.871287378875,
                41.49144323916797
              ],
              [
                32.418982538787105,
                41.74916800113086
              ],
              [
                32.68791106661914,
                41.84597357364063
              ],
              [
                33.15546325167773,
                41.94960745425586
              ],
              [
                33.55554107150195,
                41.982501588777346
              ],
              [
                33.8966551156914,
                41.95108374209766
              ],
              [
                34.30390075167773,
                41.89411886783008
              ],
              [
                34.66290954074023,
                41.87558325381641
              ],
              [
                35.001868280974605,
                42.043162904695315
              ],
              [
                35.09883025607226,
                41.80586203189258
              ],
              [
                35.286074671355465,
                41.67147787661914
              ],
              [
                35.4114370675957,
                41.626815401033205
              ],
              [
                35.67785552462695,
                41.62093313784961
              ],
              [
                35.957793268767574,
                41.685645662263674
              ],
              [
                36.16136840304492,
                41.35250052066211
              ],
              [
                36.38289550265429,
                41.23751791568164
              ],
              [
                36.641245874968746,
                41.31498297305469
              ],
              [
                36.81701186617968,
                41.289683900789065
              ],
              [
                37.25282576998828,
                41.027721010164065
              ],
              [
                37.821841272917965,
                41.00963171573047
              ],
              [
                38.31396392306445,
                40.920901857332034
              ],
              [
                38.6511831613457,
                40.92156942935352
              ],
              [
                39.13864425143359,
                41.0443187579668
              ],
              [
                39.3701773019707,
                41.06399878116016
              ],
              [
                39.66300490817187,
                41.0004955157793
              ],
              [
                40.00671294650195,
                40.95632895083789
              ],
              [
                40.36101439913867,
                40.963443361238284
              ],
              [
                40.609892878142574,
                41.028026185945315
              ],
              [
                41.29311660250781,
                41.28582342715625
              ],
              [
                41.48396209200976,
                41.436542116121096
              ],
              [
                42.02903655490039,
                41.39981039615039
              ],
              [
                42.25010970553515,
                41.368968568757815
              ],
              [
                42.35151961764453,
                41.40158041568164
              ],
              [
                42.69377807101367,
                41.5637164935625
              ],
              [
                42.87842467745898,
                41.54550512881641
              ],
              [
                43.47533706149218,
                41.08736761660938
              ],
              [
                43.489268335906246,
                41.07472952456836
              ],
              [
                43.84727004489062,
                40.74996527285938
              ],
              [
                43.85885909518359,
                40.66039236636524
              ],
              [
                43.66971877535937,
                40.2945514545
              ],
              [
                43.68453124484179,
                40.109115205720705
              ],
              [
                43.81239226779101,
                40.01388128848438
              ],
              [
                44.44808104952929,
                39.95989187808399
              ],
              [
                44.669585260955074,
                39.75698813052539
              ],
              [
                44.637278589812496,
                39.66220434756641
              ],
              [
                44.45294860324023,
                39.67275198550586
              ],
              [
                44.34892943820117,
                39.609481416658205
              ],
              [
                44.344885859099605,
                39.41442068667774
              ],
              [
                44.08210662325976,
                39.29454763980274
              ],
              [
                44.06482604464648,
                39.173289857820315
              ],
              [
                44.18318465670703,
                38.871539674714846
              ],
              [
                44.12827971896289,
                38.702918611482424
              ],
              [
                44.229075464812496,
                38.481631837800784
              ],
              [
                44.26924041232226,
                38.42894323916797
              ],
              [
                44.31755736788867,
                38.476363740876955
              ],
              [
                44.44704345187304,
                38.384933076814455
              ],
              [
                44.46447661837695,
                38.29198034854297
              ],
              [
                44.361460718718746,
                38.16555746646289
              ],
              [
                44.23192122897265,
                37.92491491885547
              ],
              [
                44.20520690402148,
                37.8674274310625
              ],
              [
                44.300913843718746,
                37.80425222964649
              ],
              [
                44.491763147917965,
                37.754344545320315
              ],
              [
                44.42675307711718,
                37.64417990298633
              ],
              [
                44.47119048556445,
                37.45463141055469
              ],
              [
                44.66005996188281,
                37.28615912051563
              ],
              [
                44.78417113741992,
                37.270370088533205
              ],
              [
                44.79458907565234,
                37.13180502505664
              ]
            ]
          ],
          [
            [
              [
                27.91795257052539,
                41.977672182039065
              ],
              [
                28.02620223483203,
                41.88238485904102
              ],
              [
                28.01817801913379,
                41.75320776553516
              ],
              [
                28.069838556853515,
                41.62496908755664
              ],
              [
                28.104397806731445,
                41.59297140689258
              ],
              [
                28.37145713290332,
                41.43312796206836
              ],
              [
                28.740222010222656,
                41.32482870669727
              ],
              [
                29.01236823519824,
                41.254832826570315
              ],
              [
                29.08109954318164,
                41.200511537507815
              ],
              [
                28.96445373019336,
                40.98923834414844
              ],
              [
                28.827807459441406,
                40.91469915957813
              ],
              [
                28.596150431243164,
                40.94698675723438
              ],
              [
                28.173314127532226,
                41.05789526553516
              ],
              [
                28.026368174163085,
                41.02620657534961
              ],
              [
                27.932183298674804,
                40.95754965396289
              ],
              [
                27.474169764128906,
                40.962833009675784
              ],
              [
                27.31304648837207,
                40.789912782625
              ],
              [
                27.26375678500293,
                40.66717108340625
              ],
              [
                26.88892653903125,
                40.524676881746096
              ],
              [
                26.613572153655273,
                40.39804037661914
              ],
              [
                26.51393989047168,
                40.28197439761524
              ],
              [
                26.375863108245117,
                40.21340902896289
              ],
              [
                26.25515845736621,
                40.081561647371096
              ],
              [
                26.140885386077148,
                40.044654451326174
              ],
              [
                26.214289698210937,
                40.16066702456836
              ],
              [
                26.22279647311328,
                40.223956666902346
              ],
              [
                26.19482139071582,
                40.30307348819141
              ],
              [
                26.457545313445312,
                40.434974275544924
              ],
              [
                26.556477579680664,
                40.49829062075977
              ],
              [
                26.45483878573535,
                40.584308229402346
              ],
              [
                26.41806128939746,
                40.577823244050784
              ],
              [
                26.12404159030078,
                40.602847658113284
              ],
              [
                26.020724329558593,
                40.669322572664065
              ],
              [
                26.167601618376953,
                40.91526373477344
              ],
              [
                26.341559443083984,
                41.16616400332813
              ],
              [
                26.646456751433593,
                41.4499584064043
              ],
              [
                26.58956244906543,
                41.55226095767383
              ],
              [
                26.39710524996875,
                41.641009889558596
              ],
              [
                26.349875483123046,
                41.6407543048418
              ],
              [
                26.57383635958789,
                41.84088095279102
              ],
              [
                26.8571215005791,
                42.00929983706836
              ],
              [
                27.08068564852832,
                42.02978476138477
              ],
              [
                27.317938837615234,
                41.97972830386524
              ],
              [
                27.91795257052539,
                41.977672182039065
              ]
            ]
          ]
        ]
      }
    },
    {
      "type": "Feature",
      "properties": {
        "nume": "Danemarca",
        "bloc": "Vestic",
        "info": "Membru fondator NATO, controland accesul la Marea Baltica."
      },
      "geometry": {
        "type": "MultiPolygon",
        "coordinates": [
          [
            [
              [
                8.183486971465332,
                56.798480592683596
              ],
              [
                8.35887340029834,
                57.02273901553516
              ],
              [
                8.534035715666992,
                57.140582643464846
              ],
              [
                8.661300692168457,
                57.10409887881641
              ],
              [
                8.959858927336914,
                57.13216360659961
              ],
              [
                9.302420649138671,
                57.165843568757815
              ],
              [
                9.448685679045898,
                57.22761496158008
              ],
              [
                9.849259409514648,
                57.58178671450977
              ],
              [
                10.28952125033496,
                57.671859346345705
              ],
              [
                10.390136751738769,
                57.660594545320315
              ],
              [
                10.479459795562011,
                57.759131990388674
              ],
              [
                10.558055910674316,
                57.74505194278125
              ],
              [
                10.401182207671386,
                57.505878053621096
              ],
              [
                10.45072844943164,
                57.45803030581836
              ],
              [
                10.46283725222705,
                57.24166067691211
              ],
              [
                10.333290133086425,
                57.17146261783008
              ],
              [
                10.256552729216796,
                57.00591238589649
              ],
              [
                9.503004107085449,
                56.97506292910938
              ],
              [
                9.33376124819873,
                57.02273901553516
              ],
              [
                9.141241106597167,
                57.008712373689455
              ],
              [
                9.078547510710937,
                57.036761842683596
              ],
              [
                8.97088054141162,
                57.00029715152149
              ],
              [
                8.847024950591308,
                56.98628195376758
              ],
              [
                8.778081926909667,
                56.798480592683596
              ],
              [
                8.665981325713378,
                56.700458131746096
              ],
              [
                8.507121119109375,
                56.64726599307422
              ],
              [
                8.470928225127441,
                56.59688910098438
              ],
              [
                8.368228945342285,
                56.66685827823047
              ],
              [
                8.183486971465332,
                56.798480592683596
              ]
            ]
          ],
          [
            [
              [
                9.49598220309375,
                54.93829306216602
              ],
              [
                8.668599161711914,
                54.88034018130664
              ],
              [
                8.616097483245117,
                54.88736303897266
              ],
              [
                8.64507487734912,
                55.06904562564258
              ],
              [
                8.559559855071289,
                55.356124483064455
              ],
              [
                8.481338533965332,
                55.3492389545
              ],
              [
                8.318970713225585,
                55.481074892
              ],
              [
                8.214038881865722,
                55.398597322419924
              ],
              [
                8.03456691226123,
                55.47591360659961
              ],
              [
                8.125073465911132,
                55.63582953067188
              ],
              [
                8.320030245391113,
                55.76773413272266
              ],
              [
                8.316974672881347,
                55.848914705232424
              ],
              [
                8.116614374724609,
                56.09225805850391
              ],
              [
                8.124479326812011,
                56.207477174714846
              ],
              [
                8.183429751006347,
                56.43146475406055
              ],
              [
                8.308830294219238,
                56.479205690339846
              ],
              [
                8.452236208525878,
                56.41160162539844
              ],
              [
                8.674888643828613,
                56.357745729402346
              ],
              [
                8.868578943816406,
                56.61611136050586
              ],
              [
                9.002701792327148,
                56.65715750308399
              ],
              [
                9.135852846709472,
                56.46041830630664
              ],
              [
                9.311874422637207,
                56.481124483064455
              ],
              [
                9.322062525359375,
                56.718936525300784
              ],
              [
                9.370146784392578,
                56.882266603425784
              ],
              [
                9.834623369780761,
                56.88994177432422
              ],
              [
                10.216188463774902,
                56.8498493060625
              ],
              [
                10.229683909026367,
                56.60512503238086
              ],
              [
                10.313760790435058,
                56.46947439761524
              ],
              [
                10.825824770537597,
                56.44329031558399
              ],
              [
                10.888675722686035,
                56.36874731631641
              ],
              [
                10.75066855868457,
                56.09728201480274
              ],
              [
                10.496092829314453,
                56.03362616153125
              ],
              [
                10.442480120269042,
                56.15090139956836
              ],
              [
                10.293446573821289,
                56.137069307283205
              ],
              [
                10.175156626311523,
                56.07587393374805
              ],
              [
                10.229878458586914,
                55.95089300723438
              ],
              [
                10.147146257964355,
                55.76489218325977
              ],
              [
                10.007120165435058,
                55.73038824649219
              ],
              [
                9.975747141448242,
                55.62034948916797
              ],
              [
                9.690073046294433,
                55.6048656329668
              ],
              [
                9.760741266814453,
                55.50169714541797
              ],
              [
                9.630183252898437,
                55.45940741153125
              ],
              [
                9.543865236846191,
                55.35126455874805
              ],
              [
                9.51656154116748,
                55.223067842439455
              ],
              [
                9.517821344939453,
                55.128680787996096
              ],
              [
                9.421020540801269,
                54.97648199649219
              ],
              [
                9.49598220309375,
                54.93829306216602
              ]
            ]
          ],
          [
            [
              [
                11.969614061919433,
                54.95418509097461
              ],
              [
                11.90733245333789,
                55.02129324527149
              ],
              [
                11.76722243746875,
                55.17599829287891
              ],
              [
                11.584776911345703,
                55.162181459382815
              ],
              [
                11.285398516265136,
                55.18856772036914
              ],
              [
                11.230098757354003,
                55.33680685611133
              ],
              [
                11.101924929229003,
                55.633670412019534
              ],
              [
                11.29626182040332,
                55.67459448428516
              ],
              [
                11.567736658660156,
                55.884776674226565
              ],
              [
                11.728052172270996,
                55.661883912996096
              ],
              [
                11.962490114775878,
                55.58126410098438
              ],
              [
                12.052621874419433,
                55.70307882876758
              ],
              [
                12.087997469512207,
                55.96697577090625
              ],
              [
                12.237717661467773,
                55.98757132144336
              ],
              [
                12.444047960845214,
                55.96765097232227
              ],
              [
                12.46922496279834,
                55.71063192935352
              ],
              [
                12.409100565520507,
                55.54833181949024
              ],
              [
                12.344366106597167,
                55.50770529361133
              ],
              [
                12.158434900847656,
                55.379092775300784
              ],
              [
                12.42971900424121,
                55.244693361238284
              ],
              [
                12.301355394927246,
                55.17028006167774
              ],
              [
                12.076974901763183,
                54.99468954654102
              ],
              [
                11.969614061919433,
                54.95418509097461
              ]
            ]
          ]
        ]
      }
    },
    {
      "type": "Feature",
      "properties": {
        "nume": "Tarile de Jos",
        "bloc": "Vestic",
        "info": "Membru fondator NATO si al CEE."
      },
      "geometry": {
        "type": "MultiPolygon",
        "coordinates": [
          [
            [
              [
                7.159938845244628,
                53.16400106997852
              ],
              [
                7.228004488555175,
                52.96671637149219
              ],
              [
                7.072895083037597,
                52.804263673738284
              ],
              [
                7.034791025725585,
                52.62350424380664
              ],
              [
                6.778090509978515,
                52.639930330232424
              ],
              [
                6.726836237517578,
                52.558333955720705
              ],
              [
                6.713568243590576,
                52.47569998355274
              ],
              [
                6.911921534148437,
                52.41551931949024
              ],
              [
                6.996851477233154,
                52.442874513582034
              ],
              [
                7.069026503173095,
                52.366283021882815
              ],
              [
                7.067718062010986,
                52.21864279361133
              ],
              [
                6.882234129515869,
                52.12573202700977
              ],
              [
                6.82461646517871,
                51.95638617129688
              ],
              [
                6.680369410125,
                51.88775213809375
              ],
              [
                6.381445440856201,
                51.81990011783008
              ],
              [
                6.211378130522949,
                51.87994345279102
              ],
              [
                6.13267425021289,
                51.83843573184375
              ],
              [
                5.979368242827636,
                51.80352743716602
              ],
              [
                5.947897944060546,
                51.72167166324024
              ],
              [
                6.1168608995354,
                51.63985785098438
              ],
              [
                6.153822455016357,
                51.52067144961719
              ],
              [
                6.222278151122314,
                51.389102540925784
              ],
              [
                6.179620298949462,
                51.322330079988284
              ],
              [
                6.089237246123535,
                51.19848593325977
              ],
              [
                6.176207575408203,
                51.1440502032793
              ],
              [
                6.070175680724365,
                51.084186159089846
              ],
              [
                5.964243445006591,
                51.024337373689455
              ],
              [
                5.927895102111084,
                50.98081549258594
              ],
              [
                6.009666475859863,
                50.964496217683596
              ],
              [
                6.073926481810791,
                50.866614900544924
              ],
              [
                5.999575647917968,
                50.74159964175586
              ],
              [
                5.697087320891601,
                50.730723939851565
              ],
              [
                5.696757826415283,
                50.88292654605274
              ],
              [
                5.774240049926025,
                50.92642553897266
              ],
              [
                5.823895964232666,
                51.116832338289065
              ],
              [
                5.484423193541748,
                51.28555639834766
              ],
              [
                5.243653807250244,
                51.23659475894336
              ],
              [
                5.112526926604492,
                51.40545233340625
              ],
              [
                5.010119947997314,
                51.43270071597461
              ],
              [
                4.932145628539306,
                51.37821539492969
              ],
              [
                4.791377100554687,
                51.487201295808596
              ],
              [
                4.67107346972583,
                51.40545233340625
              ],
              [
                4.533119234648925,
                51.40545233340625
              ],
              [
                4.39535096606372,
                51.41090353579883
              ],
              [
                4.406719717589599,
                51.34007605166797
              ],
              [
                4.173045191375,
                51.32487829776172
              ],
              [
                3.989524397460205,
                51.3437457904375
              ],
              [
                3.775046858397705,
                51.38774450869922
              ],
              [
                3.743475946990234,
                51.460452638582034
              ],
              [
                3.520320448485595,
                51.57913549991016
              ],
              [
                3.878135714141113,
                51.79172857852344
              ],
              [
                4.264411482421142,
                52.07089193911914
              ],
              [
                4.387240442839843,
                52.230365358308596
              ],
              [
                4.641012701598388,
                52.75569876284961
              ],
              [
                4.718774351683837,
                52.80241736026172
              ],
              [
                5.008403811064941,
                52.85619314761524
              ],
              [
                5.173285517302734,
                52.743419252351565
              ],
              [
                5.234628233519775,
                52.62285193057422
              ],
              [
                5.108244452086669,
                52.5315013751543
              ],
              [
                5.006087812987548,
                52.55688437075977
              ],
              [
                5.035744223204834,
                52.333716951326174
              ],
              [
                4.949828180876953,
                52.27794607730274
              ],
              [
                5.473186525908691,
                52.17660482974414
              ],
              [
                5.574368986693603,
                52.28301580996875
              ],
              [
                5.756913218108398,
                52.333716951326174
              ],
              [
                5.817143950072509,
                52.52136190982227
              ],
              [
                5.611254725066406,
                52.5315013751543
              ],
              [
                5.555709871855957,
                52.58732184024219
              ],
              [
                5.546892675963623,
                52.678695283845705
              ],
              [
                5.653440508452636,
                52.74977835269336
              ],
              [
                5.576382670012695,
                52.759933076814455
              ],
              [
                5.325746092406494,
                52.790408693269534
              ],
              [
                5.358019384947998,
                52.937747560457034
              ],
              [
                5.342753443328125,
                52.99631079287891
              ],
              [
                5.332119974700195,
                53.01144751162891
              ],
              [
                5.389523062316162,
                53.13857229800586
              ],
              [
                5.647349867430908,
                53.227759920076174
              ],
              [
                5.966306719390136,
                53.33501013369922
              ],
              [
                6.260716471282226,
                53.32174261660938
              ],
              [
                6.750721964446289,
                53.38986166568164
              ],
              [
                6.861045393553955,
                53.26576193423633
              ],
              [
                7.00905946215747,
                53.24541052432422
              ],
              [
                7.043283495513183,
                53.164004884675784
              ],
              [
                7.159938845244628,
                53.16400106997852
              ]
            ]
          ]
        ]
      }
    },
    {
      "type": "Feature",
      "properties": {
        "nume": "Austria",
        "bloc": "Neutru",
        "info": "Si-a declarat neutralitatea permanenta in 1955, la retragerea trupelor de ocupatie."
      },
      "geometry": {
        "type": "MultiPolygon",
        "coordinates": [
          [
            [
              [
                9.736709627715332,
                47.616065584138674
              ],
              [
                9.779980692473632,
                47.56662329287891
              ],
              [
                9.891994509307128,
                47.56352957339649
              ],
              [
                9.938269648162109,
                47.50173147769336
              ],
              [
                10.025811228362304,
                47.480113588289065
              ],
              [
                10.02095321139453,
                47.40597113223438
              ],
              [
                10.13797381838916,
                47.388656221345705
              ],
              [
                10.102937731353027,
                47.30096014590625
              ],
              [
                10.199509653655273,
                47.30096014590625
              ],
              [
                10.403125795928222,
                47.45539053531055
              ],
              [
                10.38832667788623,
                47.5789867267168
              ],
              [
                10.495405230132324,
                47.560435853914065
              ],
              [
                10.613203081694824,
                47.58516653628711
              ],
              [
                10.834806475249511,
                47.544993959382815
              ],
              [
                10.876619371978027,
                47.480113588289065
              ],
              [
                10.902938875762207,
                47.41523703189258
              ],
              [
                11.17034629305957,
                47.42449911685352
              ],
              [
                11.340007814971191,
                47.47084005923633
              ],
              [
                11.359831842986328,
                47.52954062075977
              ],
              [
                11.503432306853515,
                47.535716615632815
              ],
              [
                11.55956748446582,
                47.612979494050784
              ],
              [
                12.122032198516113,
                47.628429017976565
              ],
              [
                12.163277659026367,
                47.70879324527149
              ],
              [
                12.358181032744628,
                47.724254213289065
              ],
              [
                12.446094545928222,
                47.66242178531055
              ],
              [
                12.700078997222167,
                47.69024618716602
              ],
              [
                12.76539138278125,
                47.637698732332034
              ],
              [
                12.743726763335449,
                47.56352957339649
              ],
              [
                12.942021402922851,
                47.48320349307422
              ],
              [
                12.978917154875976,
                47.50790747256641
              ],
              [
                13.022998842803222,
                47.66242178531055
              ],
              [
                12.998080286589843,
                47.733523927644534
              ],
              [
                12.847529444304687,
                47.73971136660938
              ],
              [
                12.936306032744628,
                47.87266119571094
              ],
              [
                12.694188150969726,
                48.12943609805469
              ],
              [
                12.85824969729541,
                48.23158224673633
              ],
              [
                13.29362395724414,
                48.36471518130664
              ],
              [
                13.366653475371582,
                48.44213827700977
              ],
              [
                13.384143862334472,
                48.59393271060352
              ],
              [
                13.443694147673828,
                48.606326662019534
              ],
              [
                13.640039476958496,
                48.538158021882815
              ],
              [
                13.946682962981445,
                48.655101381257815
              ],
              [
                14.011806521025878,
                48.64891394229297
              ],
              [
                14.170937571135742,
                48.59099920840625
              ],
              [
                14.38850978335498,
                48.54647787661914
              ],
              [
                14.657484087554199,
                48.61972387881641
              ],
              [
                14.993143114653808,
                48.96778830142383
              ],
              [
                15.611516031829101,
                48.81425055117969
              ],
              [
                16.06963065585254,
                48.712195955232424
              ],
              [
                16.669154200164062,
                48.79378470034961
              ],
              [
                16.914334330168945,
                48.70365484805469
              ],
              [
                16.9387865396416,
                48.66104467959766
              ],
              [
                16.962897333708984,
                48.61903341861133
              ],
              [
                16.919251474944335,
                48.357684694246096
              ],
              [
                16.988965067473632,
                48.24063452334766
              ],
              [
                17.331217798796875,
                47.99467810244922
              ],
              [
                17.045186075774414,
                47.86388357730274
              ],
              [
                17.03687003573535,
                47.69880636783008
              ],
              [
                16.72155478915332,
                47.67465551944141
              ],
              [
                16.647442850676757,
                47.73503836245899
              ],
              [
                16.50115683993457,
                47.73503836245899
              ],
              [
                16.40086844882129,
                47.64647635074024
              ],
              [
                16.604519877043945,
                47.618304811433596
              ],
              [
                16.665478739348632,
                47.52977713199024
              ],
              [
                16.595057520476562,
                47.43724783511524
              ],
              [
                16.410809549895507,
                47.40908011050586
              ],
              [
                16.392897638884765,
                47.240192018464846
              ],
              [
                16.484496149626953,
                47.155772767976565
              ],
              [
                16.415217432585937,
                47.02313955874805
              ],
              [
                16.25957396945117,
                46.888804994539065
              ],
              [
                15.947394404021484,
                46.81826742740039
              ],
              [
                15.984578165618164,
                46.64159353824024
              ],
              [
                15.583985361663085,
                46.69379385562305
              ],
              [
                15.450037035552246,
                46.6054759845293
              ],
              [
                15.067858728972656,
                46.64159353824024
              ],
              [
                14.81286052188037,
                46.59343298526172
              ],
              [
                14.521769556609375,
                46.36872824283008
              ],
              [
                14.392945322600585,
                46.436927400544924
              ],
              [
                14.14818848806133,
                46.4333658347332
              ],
              [
                14.117423090544921,
                46.43291815371875
              ],
              [
                14.036648783293945,
                46.48105963321094
              ],
              [
                13.708912709136243,
                46.50163505804842
              ],
              [
                13.568899187651855,
                46.51042517276172
              ],
              [
                13.354013475981933,
                46.56066092105274
              ],
              [
                12.951894793120605,
                46.597457490876955
              ],
              [
                12.361854586211425,
                46.708541475251955
              ],
              [
                12.217808756438476,
                46.88431891055469
              ],
              [
                12.074753794280273,
                46.92750509829883
              ],
              [
                12.064329180327636,
                47.09104498477344
              ],
              [
                11.678601297942382,
                46.98921164126758
              ],
              [
                11.543255838958007,
                47.03549154849414
              ],
              [
                11.342970881072265,
                46.986129365876955
              ],
              [
                11.260845217314941,
                47.02315481753711
              ],
              [
                11.095800432769042,
                46.97994955630664
              ],
              [
                10.947841677275878,
                46.794879518464846
              ],
              [
                10.679364237395507,
                46.8102985248125
              ],
              [
                10.395699534026367,
                46.88741263003711
              ],
              [
                10.408574137297851,
                46.96452673526172
              ],
              [
                10.311843905059082,
                47.0169750079668
              ],
              [
                10.051520380583984,
                46.86773642154102
              ],
              [
                9.804178270903808,
                46.97686728091602
              ],
              [
                9.800573381987792,
                47.041663728669924
              ],
              [
                9.520760569182617,
                47.06943853946094
              ],
              [
                9.560831102935058,
                47.155860506013674
              ],
              [
                9.464611086455566,
                47.28552206607227
              ],
              [
                9.58434775790332,
                47.40905722232227
              ],
              [
                9.53932315928003,
                47.4872009429331
              ],
              [
                9.560997473255647,
                47.50048807652424
              ],
              [
                9.59837981703166,
                47.487290214815076
              ],
              [
                9.641345290198974,
                47.50711126748055
              ],
              [
                9.64783212793817,
                47.488110994128014
              ],
              [
                9.665830095197322,
                47.49598965630363
              ],
              [
                9.678074563190693,
                47.488834209737405
              ],
              [
                9.699246020649776,
                47.50628272822371
              ],
              [
                9.742809515024337,
                47.504640797816485
              ],
              [
                9.752371325522281,
                47.51076644905111
              ],
              [
                9.712416939502718,
                47.55061659600564
              ],
              [
                9.680344534585727,
                47.54265822345445
              ],
              [
                9.680243137506228,
                47.55630921377518
              ],
              [
                9.665470719275044,
                47.55624011404333
              ],
              [
                9.736709627715332,
                47.616065584138674
              ]
            ]
          ]
        ]
      }
    },
    {
      "type": "Feature",
      "properties": {
        "nume": "Norvegia",
        "bloc": "Vestic",
        "info": "Membru fondator NATO, singura tara nordica cu granita directa cu URSS."
      },
      "geometry": {
        "type": "MultiPolygon",
        "coordinates": [
          [
            [
              [
                21.970780405608398,
                79.7828555926836
              ],
              [
                21.252636942473632,
                79.78903540225392
              ],
              [
                20.344210657683593,
                79.7962833270586
              ],
              [
                19.561673197356445,
                79.76781805606251
              ],
              [
                19.218064341155273,
                79.74022253604298
              ],
              [
                18.330594095793945,
                79.8823657855547
              ],
              [
                18.695826563445312,
                80.08740576358204
              ],
              [
                19.06761840304492,
                80.16498144717579
              ],
              [
                19.39876655062793,
                80.36864813418751
              ],
              [
                19.91539672335742,
                80.63342627139454
              ],
              [
                20.524457010833007,
                80.32244452090626
              ],
              [
                20.97366431674121,
                80.27496679873829
              ],
              [
                21.475871119109375,
                80.31472357364063
              ],
              [
                21.88118270358203,
                80.27680548282032
              ],
              [
                22.197699579802734,
                80.12329443545704
              ],
              [
                22.58739951571582,
                80.26860388369923
              ],
              [
                22.826014551726562,
                80.47298773379688
              ],
              [
                23.216382059661132,
                80.61079748721485
              ],
              [
                23.076764139739257,
                80.24058874698048
              ],
              [
                23.11540893038867,
                80.09633978457813
              ],
              [
                23.49826148470996,
                80.09711798282032
              ],
              [
                23.944243464080078,
                80.31975897403126
              ],
              [
                24.421435389128906,
                80.4372745379961
              ],
              [
                24.782862696257812,
                80.37966497989063
              ],
              [
                25.033976587859375,
                80.16746862979298
              ],
              [
                25.35129645785449,
                80.14890631289845
              ],
              [
                26.254410776702148,
                80.19886358828907
              ],
              [
                26.948615107146484,
                80.11370428653126
              ],
              [
                27.19679549655078,
                79.9443546161211
              ],
              [
                26.96863082369922,
                79.85386236758595
              ],
              [
                26.06695846041797,
                79.57410009951954
              ],
              [
                25.336686167327148,
                79.40301092715626
              ],
              [
                24.85516074618457,
                79.37533911319142
              ],
              [
                24.416337046233398,
                79.3121524676836
              ],
              [
                23.820517572966796,
                79.14745672793751
              ],
              [
                20.99829390963672,
                79.1910816058672
              ],
              [
                20.983325037566406,
                79.36089666934376
              ],
              [
                21.654866251555664,
                79.47809942813282
              ],
              [
                21.970780405608398,
                79.7828555926836
              ]
            ]
          ],
          [
            [
              [
                13.252219233123046,
                79.80073126407032
              ],
              [
                13.282957110015136,
                79.48708685489063
              ],
              [
                13.396730455962402,
                79.43371161075001
              ],
              [
                14.158891710845214,
                79.36382635684376
              ],
              [
                14.25808814486621,
                79.53364904971485
              ],
              [
                14.316590342131835,
                79.72191961856251
              ],
              [
                14.574694666472656,
                79.78525885196095
              ],
              [
                14.810112032500488,
                79.80369146914845
              ],
              [
                15.237189325896484,
                79.58918341250782
              ],
              [
                15.77414325198291,
                79.24228247256642
              ],
              [
                16.133173975554687,
                79.13635595889454
              ],
              [
                16.38881209811328,
                79.23457678408985
              ],
              [
                16.289153132048828,
                79.36790808291798
              ],
              [
                16.081957850066406,
                79.52817877383595
              ],
              [
                15.935030970183593,
                79.7429386004961
              ],
              [
                15.916598352996093,
                79.84177740664845
              ],
              [
                16.32628348788379,
                80.02513464541798
              ],
              [
                16.776646647063476,
                79.9785571918047
              ],
              [
                16.995327982512695,
                79.89783819766407
              ],
              [
                17.57058051547168,
                79.88994177432423
              ],
              [
                17.834054026213867,
                79.80945166201954
              ],
              [
                17.79819396456836,
                79.62093695254688
              ],
              [
                17.72217849215625,
                79.48664435000782
              ],
              [
                17.76900580844043,
                79.4153018817461
              ],
              [
                18.015986475554687,
                79.36228521914845
              ],
              [
                18.350546869841796,
                79.51463659854298
              ],
              [
                18.548739466277343,
                79.55971869082813
              ],
              [
                18.846463236418945,
                79.38169439883595
              ],
              [
                19.15158179720996,
                79.23094519229298
              ],
              [
                19.50487426241992,
                79.16055639834767
              ],
              [
                19.931851420012695,
                79.10815008731251
              ],
              [
                20.68418792208789,
                78.91487463565235
              ],
              [
                20.908095392791015,
                78.80939062686329
              ],
              [
                20.321175608245117,
                78.68498571963673
              ],
              [
                19.429148707,
                78.58662756533985
              ],
              [
                19.11582282504199,
                78.45454748721485
              ],
              [
                18.786776575652343,
                77.93978460879688
              ],
              [
                18.3886156412041,
                77.541621767
              ],
              [
                17.82944396456836,
                77.48894842715626
              ],
              [
                17.48486045321582,
                77.2480655536211
              ],
              [
                17.279892954436523,
                76.98295935244923
              ],
              [
                17.26699927767871,
                76.81286200137501
              ],
              [
                16.912959131804687,
                76.71886786075001
              ],
              [
                16.662911448088867,
                76.72687109561329
              ],
              [
                15.94610312899707,
                76.88682135196095
              ],
              [
                15.098876032439453,
                77.11526831241017
              ],
              [
                14.484577211943847,
                77.37091406436329
              ],
              [
                14.77792457064746,
                77.53477057071095
              ],
              [
                15.482050928679687,
                77.55328711123829
              ],
              [
                16.2868090005791,
                77.6151538714922
              ],
              [
                16.711554560271484,
                77.7886157855547
              ],
              [
                16.41804793795703,
                77.90059240908985
              ],
              [
                15.59807780703662,
                77.8383975848711
              ],
              [
                14.893422159758789,
                77.78515204043751
              ],
              [
                14.13102916201709,
                77.76640661807423
              ],
              [
                13.905090365020019,
                77.99990423770313
              ],
              [
                14.336516413298828,
                78.02679022403126
              ],
              [
                14.953421625701171,
                78.12359198184376
              ],
              [
                15.920889887419921,
                78.26488073916798
              ],
              [
                16.617047342864257,
                78.46726568789845
              ],
              [
                15.480342897979003,
                78.64941748233204
              ],
              [
                15.083908114043457,
                78.78065069766407
              ],
              [
                14.819029841033203,
                78.71849402041798
              ],
              [
                14.352827105132324,
                78.42791327090626
              ],
              [
                13.871756586638671,
                78.29587896914845
              ],
              [
                13.61843207797168,
                78.26922949405079
              ],
              [
                13.062086138335449,
                78.34677466006642
              ],
              [
                12.910100969878417,
                78.42518194766407
              ],
              [
                12.43747333010791,
                78.59088476748829
              ],
              [
                12.074569735137207,
                78.69565161319142
              ],
              [
                11.760330233184082,
                78.88018377871876
              ],
              [
                12.524833712187988,
                79.05856665225392
              ],
              [
                12.156988176909667,
                79.3154483661211
              ],
              [
                11.545166048613769,
                79.17202337832813
              ],
              [
                11.335225138274414,
                79.20714148135548
              ],
              [
                10.9194412561333,
                79.54516943545704
              ],
              [
                11.284340891448242,
                79.70714148135548
              ],
              [
                11.516539606658203,
                79.71653326602345
              ],
              [
                12.000311884490234,
                79.77136572451954
              ],
              [
                12.457693132964355,
                79.75425299258595
              ],
              [
                12.717382464019042,
                79.78171118350392
              ],
              [
                13.252219233123046,
                79.80073126407032
              ]
            ]
          ],
          [
            [
              [
                11.178854975310546,
                59.070289216951174
              ],
              [
                11.112050089446289,
                59.16510733218555
              ],
              [
                10.829190287200195,
                59.1058421954668
              ],
              [
                10.768937143889648,
                59.11769064517383
              ],
              [
                10.656806025115234,
                59.22439535708789
              ],
              [
                10.549271616545898,
                59.37863119693164
              ],
              [
                10.633557352629882,
                59.44985159488086
              ],
              [
                10.569742235747558,
                59.58050497622852
              ],
              [
                10.407057795134765,
                59.49734839053516
              ],
              [
                10.378625902739746,
                59.36674841494922
              ],
              [
                10.429588350859863,
                59.25997122378711
              ],
              [
                10.363341364470703,
                59.212535463289065
              ],
              [
                10.211065325347167,
                59.070289216951174
              ],
              [
                10.172335657683593,
                58.98736532779102
              ],
              [
                9.937624010649902,
                58.94000204654102
              ],
              [
                9.697579416838867,
                58.999217592195315
              ],
              [
                9.346200022307617,
                58.84530981631641
              ],
              [
                9.371620211211425,
                58.78614767642383
              ],
              [
                9.145894083586914,
                58.65606649966602
              ],
              [
                8.921734842864257,
                58.53789099307422
              ],
              [
                8.175240549651367,
                58.17204626651172
              ],
              [
                8.153747591582519,
                58.08954580874805
              ],
              [
                8.03019622286914,
                58.06597860904102
              ],
              [
                7.90843108615039,
                58.06597860904102
              ],
              [
                6.958641085234863,
                57.97173651309375
              ],
              [
                6.874181303588134,
                58.0777545795
              ],
              [
                6.725660833922607,
                58.13668783755664
              ],
              [
                6.64365533312915,
                58.04241140933399
              ],
              [
                6.479116472808105,
                58.08954580874805
              ],
              [
                6.651709589568359,
                58.17204626651172
              ],
              [
                6.231332335082275,
                58.27817877383594
              ],
              [
                5.873840365020019,
                58.431598268464846
              ],
              [
                5.615484270659667,
                58.45521505923633
              ],
              [
                5.39973500689624,
                58.71517523379688
              ],
              [
                5.530999216643554,
                58.880809389070315
              ],
              [
                5.474647554961425,
                58.975528322175784
              ],
              [
                5.627488169280273,
                58.96367987246875
              ],
              [
                5.665794405547363,
                58.82164724917774
              ],
              [
                5.793662104216796,
                58.916324220613284
              ],
              [
                6.093553576079589,
                58.797977052644534
              ],
              [
                5.983710798827392,
                58.886722169832034
              ],
              [
                6.041155848113281,
                58.95184286685352
              ],
              [
                6.266145262328369,
                58.99328573794727
              ],
              [
                6.050548109618408,
                58.98144491763477
              ],
              [
                5.940400633422119,
                58.9340778216875
              ],
              [
                5.822302374449951,
                59.01698263736133
              ],
              [
                5.771857294646484,
                59.076217256501955
              ],
              [
                6.032578501311523,
                59.200667940095705
              ],
              [
                6.237526449767334,
                59.283694826082034
              ],
              [
                6.020303759185058,
                59.2540355548418
              ],
              [
                5.877495798674804,
                59.313350282625
              ],
              [
                6.076250586119873,
                59.42016562075977
              ],
              [
                6.113430533019287,
                59.52704580874805
              ],
              [
                5.815908941832763,
                59.313350282625
              ],
              [
                5.79950192889331,
                59.43203695865039
              ],
              [
                5.680468592253906,
                59.50923117251758
              ],
              [
                5.682913813201171,
                59.414229951814455
              ],
              [
                5.717149290648681,
                59.337073884919924
              ],
              [
                5.528521570769531,
                59.26589926333789
              ],
              [
                5.343843969908935,
                59.26589926333789
              ],
              [
                5.350331816283447,
                59.39049109073047
              ],
              [
                5.282588991729003,
                59.27183111758594
              ],
              [
                5.176648649779541,
                59.30741461367969
              ],
              [
                5.086604151335937,
                59.50923117251758
              ],
              [
                5.382628950682861,
                59.71127279849414
              ],
              [
                5.41855767687915,
                59.51516684146289
              ],
              [
                5.449307474700195,
                59.65776403994922
              ],
              [
                5.64616826495288,
                59.58645208926563
              ],
              [
                5.74112323245166,
                59.62804373355274
              ],
              [
                5.666552576628906,
                59.67559774966602
              ],
              [
                5.96990159472583,
                59.71127279849414
              ],
              [
                6.185389551726562,
                59.82426031680469
              ],
              [
                5.910496267882568,
                59.75289496035938
              ],
              [
                5.694047484008056,
                59.75289496035938
              ],
              [
                5.543337854949218,
                59.82426031680469
              ],
              [
                5.631734404174072,
                59.883765779451174
              ],
              [
                5.805763277617675,
                59.94925268741016
              ],
              [
                5.894064459410888,
                60.1612621173418
              ],
              [
                5.524619612303955,
                60.167525850251955
              ],
              [
                5.279052290526611,
                60.12533529849414
              ],
              [
                5.096230539885742,
                60.26413305850391
              ],
              [
                5.261776003447753,
                60.327132783845705
              ],
              [
                5.551142248717529,
                60.508887849763674
              ],
              [
                5.45583156069873,
                60.59240683169727
              ],
              [
                5.255226645079834,
                60.56414373965625
              ],
              [
                5.075472387877685,
                60.591693483308596
              ],
              [
                4.980375322905761,
                60.68924292178516
              ],
              [
                5.108526739684326,
                60.90610846133594
              ],
              [
                5.387047800627929,
                61.025584779695315
              ],
              [
                5.11961272677539,
                61.13709982486133
              ],
              [
                5.018313440886718,
                61.30513723941211
              ],
              [
                5.140952620116455,
                61.38955648990039
              ],
              [
                5.101146254149658,
                61.69858893008594
              ],
              [
                5.148983511534912,
                61.740882478669924
              ],
              [
                5.416030916777832,
                61.7695384845293
              ],
              [
                5.592420134154541,
                61.78969534488086
              ],
              [
                5.797088179198486,
                61.76991232486133
              ],
              [
                5.833900007811767,
                61.819408021882815
              ],
              [
                5.719467672911865,
                61.87954672427539
              ],
              [
                5.528184446898681,
                61.93255194278125
              ],
              [
                5.425686392394287,
                62.009261690095705
              ],
              [
                5.469670805541259,
                62.09369619937305
              ],
              [
                5.564593824950439,
                62.15030249209766
              ],
              [
                5.823631319609863,
                62.179019533113284
              ],
              [
                6.053489241210205,
                62.33480032534961
              ],
              [
                6.308390650359375,
                62.28582724185352
              ],
              [
                6.532513651458007,
                62.335696779207034
              ],
              [
                6.612958941069824,
                62.58333548159961
              ],
              [
                6.988682779875976,
                62.54157217593555
              ],
              [
                7.289257082549316,
                62.48556479068164
              ],
              [
                7.546737703887207,
                62.599254213289065
              ],
              [
                7.101563486663085,
                62.70464285464649
              ],
              [
                6.981860193816406,
                62.846141420320315
              ],
              [
                7.088180098143798,
                62.91019781680469
              ],
              [
                7.606488260833007,
                62.904056154207034
              ],
              [
                7.989161524382812,
                62.94026907534961
              ],
              [
                8.23129371127246,
                62.841407381013674
              ],
              [
                8.25796607455371,
                63.0543170795
              ],
              [
                8.472289118376953,
                63.17551764102344
              ],
              [
                8.60590365847705,
                63.32509573550586
              ],
              [
                8.957197222319824,
                63.40404089541797
              ],
              [
                9.154221567717773,
                63.31901892276172
              ],
              [
                9.216067347136718,
                63.28356131167774
              ],
              [
                9.440897974578125,
                63.49752386660938
              ],
              [
                9.832105669585449,
                63.68362005801563
              ],
              [
                9.870058092681152,
                63.87643393130664
              ],
              [
                10.06615928134082,
                64.05550726504688
              ],
              [
                10.739846262541992,
                64.38617285342579
              ],
              [
                10.890596422759277,
                64.47251471133595
              ],
              [
                10.996618303862792,
                64.49424322696095
              ],
              [
                11.213500055876953,
                64.41573675723438
              ],
              [
                11.364055666533691,
                64.41601904483204
              ],
              [
                11.50772193392871,
                64.51671942325001
              ],
              [
                11.406536135283691,
                64.61703833194142
              ],
              [
                11.46994117220996,
                64.67464026065235
              ],
              [
                11.689727816191894,
                64.7756534442461
              ],
              [
                11.895566973296386,
                64.91273077578907
              ],
              [
                12.112141642180664,
                65.12991674991017
              ],
              [
                12.222211870757324,
                65.10114630313282
              ],
              [
                12.526453051177246,
                65.10895117373829
              ],
              [
                12.496170076934082,
                65.38447149844532
              ],
              [
                12.284087214080078,
                65.43488653750782
              ],
              [
                12.47921851595996,
                65.61703070254688
              ],
              [
                12.709057840911132,
                65.90887793155079
              ],
              [
                13.08738902529834,
                65.8804126605547
              ],
              [
                13.10879901370166,
                66.03374060244923
              ],
              [
                13.151907000151855,
                66.1361270770586
              ],
              [
                13.581009897795898,
                66.18811377139454
              ],
              [
                13.402801546660644,
                66.34881933780079
              ],
              [
                13.255395922270996,
                66.39254339785938
              ],
              [
                13.16864779910205,
                66.45833929629688
              ],
              [
                13.242076906768066,
                66.56853064151173
              ],
              [
                13.383193049041015,
                66.67895086856251
              ],
              [
                13.592026743499023,
                66.65732153506642
              ],
              [
                13.991646799651367,
                66.68745764346485
              ],
              [
                13.74718955477832,
                66.9224048480547
              ],
              [
                13.85906699618457,
                66.95944555850392
              ],
              [
                14.054739031401855,
                66.97455938907032
              ],
              [
                14.37307837924121,
                67.09309729190235
              ],
              [
                14.63926890811084,
                67.12311132998829
              ],
              [
                14.777660402861816,
                67.21653326602345
              ],
              [
                14.61647323092578,
                67.24526556582813
              ],
              [
                14.56920817813037,
                67.32934149356251
              ],
              [
                14.699147257415039,
                67.37438543887501
              ],
              [
                14.976157221404296,
                67.52293737979298
              ],
              [
                15.226662668791992,
                67.50855597110157
              ],
              [
                15.384503397551757,
                67.46444281192188
              ],
              [
                15.579943689910156,
                67.58331640811329
              ],
              [
                15.745667490569335,
                67.59729345889454
              ],
              [
                15.761817965117675,
                67.6762882098711
              ],
              [
                15.572235140410644,
                67.8206973895586
              ],
              [
                15.854214701262695,
                67.92523535342579
              ],
              [
                15.919741663542968,
                68.0489688739336
              ],
              [
                16.071057352629882,
                68.04467352481251
              ],
              [
                16.232728037444335,
                67.91109045596485
              ],
              [
                16.411614451018554,
                67.87424810977345
              ],
              [
                16.648547205535156,
                68.04574926944142
              ],
              [
                16.52190307101367,
                68.34090002627735
              ],
              [
                16.71914008578418,
                68.31135901065235
              ],
              [
                17.0332746835625,
                68.33763464541798
              ],
              [
                17.126420054045898,
                68.41608007998829
              ],
              [
                16.854756388274414,
                68.5577808246172
              ],
              [
                17.039734873381835,
                68.65852697940235
              ],
              [
                17.406914743987304,
                68.77154120059376
              ],
              [
                17.448914560881835,
                68.88699682803517
              ],
              [
                17.565863642302734,
                68.97436865420704
              ],
              [
                17.894713434783203,
                69.0350757464922
              ],
              [
                17.928147348967773,
                69.00507696719532
              ],
              [
                18.05154517611621,
                69.02785833926563
              ],
              [
                18.09735396823047,
                69.0580020770586
              ],
              [
                18.319052729216796,
                69.35937841983204
              ],
              [
                18.55324080905078,
                69.24687536807423
              ],
              [
                18.984845194426757,
                69.31544073672657
              ],
              [
                19.17015555819629,
                69.25552710147267
              ],
              [
                19.289172205535156,
                69.2105899676836
              ],
              [
                19.57997992953418,
                69.18105658145313
              ],
              [
                19.821213755217773,
                69.36973150821095
              ],
              [
                20.15765098055957,
                69.74782904239063
              ],
              [
                20.286376032439453,
                69.7859073504961
              ],
              [
                20.358317408171875,
                69.71038397403126
              ],
              [
                20.278164896575195,
                69.58179052920704
              ],
              [
                20.19650367220996,
                69.31769140811329
              ],
              [
                20.552685770598632,
                69.52190741153126
              ],
              [
                20.73393920382617,
                69.77918585391407
              ],
              [
                21.1027269693291,
                69.81769140811329
              ],
              [
                21.41196349581836,
                70.01541479678517
              ],
              [
                21.608561548796875,
                69.9625430926836
              ],
              [
                21.90807250460742,
                69.80404242129688
              ],
              [
                22.163310083953125,
                70.09311255069142
              ],
              [
                22.30644896945117,
                70.2156177386797
              ],
              [
                22.745574030486328,
                70.17060431094532
              ],
              [
                23.203606638518554,
                69.94277533145313
              ],
              [
                23.292468103972656,
                70.01129492373829
              ],
              [
                23.508408579436523,
                70.2790714129961
              ],
              [
                23.82728866061328,
                70.47883947940235
              ],
              [
                23.954854044524414,
                70.50205572696095
              ],
              [
                24.207715067473632,
                70.47186621280079
              ],
              [
                24.359614405242187,
                70.61029394717579
              ],
              [
                24.570508036223632,
                70.74138220401173
              ],
              [
                24.84903815707324,
                70.82660254092579
              ],
              [
                25.389031443206054,
                70.90462835879688
              ],
              [
                25.83205512484668,
                70.89776190371876
              ],
              [
                25.230692896453125,
                70.55818518252735
              ],
              [
                25.122424158660156,
                70.43524511905079
              ],
              [
                25.07408050021289,
                70.14438208194142
              ],
              [
                25.26302436312793,
                70.10654791446095
              ],
              [
                25.5740404458916,
                70.36713751407032
              ],
              [
                26.262717279998046,
                70.79074438662892
              ],
              [
                26.6065168710625,
                70.91462286563282
              ],
              [
                26.619105372039062,
                70.79908331485157
              ],
              [
                26.61742309054492,
                70.39204748721485
              ],
              [
                26.93435004672168,
                70.46928747744923
              ],
              [
                27.13108161410449,
                70.57707556338673
              ],
              [
                27.516011271086914,
                70.97030981631642
              ],
              [
                27.947543177214843,
                71.01741369815235
              ],
              [
                28.21115973910449,
                71.01790960879688
              ],
              [
                28.30841353854297,
                70.9486499652422
              ],
              [
                28.136439356414062,
                70.83272894473438
              ],
              [
                27.985291514006835,
                70.71700628848438
              ],
              [
                28.018929514495117,
                70.60945471377735
              ],
              [
                27.875399622527343,
                70.42505987735157
              ],
              [
                28.28972533663867,
                70.3722110614336
              ],
              [
                28.38890746554492,
                70.57175024600392
              ],
              [
                28.794812235442382,
                70.86477240176563
              ],
              [
                28.98433783969043,
                70.85741003604298
              ],
              [
                29.741230997649414,
                70.60498388858204
              ],
              [
                30.041438135710937,
                70.54413946719532
              ],
              [
                30.461960825530273,
                70.5372501239336
              ],
              [
                30.75420287570117,
                70.43041571231251
              ],
              [
                30.798840555754882,
                70.30796393008595
              ],
              [
                30.251879725066406,
                70.1311450824297
              ],
              [
                29.734896692839843,
                70.11489447207813
              ],
              [
                28.73008063754199,
                70.13592871280079
              ],
              [
                28.817093882170898,
                70.0979190692461
              ],
              [
                29.08001998385547,
                69.96123083682423
              ],
              [
                29.55593207797168,
                69.83340033145313
              ],
              [
                29.728575739470703,
                69.69756659121876
              ],
              [
                30.055806192961914,
                69.72085913272267
              ],
              [
                30.361294779387695,
                69.76681097598438
              ],
              [
                30.735358271208984,
                69.7523609027422
              ],
              [
                31.0537824960625,
                69.63959082217579
              ],
              [
                30.871699366179687,
                69.51008947940235
              ],
              [
                30.64079955538867,
                69.41849096866017
              ],
              [
                30.26993659457324,
                69.40906866641407
              ],
              [
                29.923598322478515,
                69.35460241885548
              ],
              [
                29.462780985442382,
                69.13418921084767
              ],
              [
                29.00741675814746,
                68.8318286761797
              ],
              [
                28.69715407809375,
                68.69552954287892
              ],
              [
                28.69640258273242,
                68.7852969989336
              ],
              [
                28.73972419222949,
                68.95038946719532
              ],
              [
                29.133002314177734,
                69.36561163516407
              ],
              [
                29.11325171908496,
                69.48603399844532
              ],
              [
                28.7169847818291,
                69.64241369815235
              ],
              [
                28.414877924529296,
                69.69372900576954
              ],
              [
                27.90868094882129,
                69.88766821475392
              ],
              [
                27.65853980502246,
                69.88641699405079
              ],
              [
                27.40887168368457,
                69.85489233584767
              ],
              [
                26.507250818816406,
                69.81245001407032
              ],
              [
                26.117674860564453,
                69.64424475283985
              ],
              [
                25.862544092742187,
                69.4543872699297
              ],
              [
                25.74562934359668,
                69.25801428408985
              ],
              [
                25.709948572722656,
                69.03241308780079
              ],
              [
                25.62536910494922,
                68.80706366153126
              ],
              [
                25.06282905062793,
                68.59468420596485
              ],
              [
                24.800692591277343,
                68.42901190371876
              ],
              [
                24.661688837615234,
                68.49548681826954
              ],
              [
                24.081843409148437,
                68.71680792422657
              ],
              [
                23.336180719939453,
                68.6157642230547
              ],
              [
                22.701151880828125,
                68.63494452090626
              ],
              [
                22.45976165255664,
                68.69354590030079
              ],
              [
                22.072279963103515,
                68.96130713076954
              ],
              [
                21.625054392424804,
                69.23698767276173
              ],
              [
                21.405808481780273,
                69.27349432559376
              ],
              [
                21.246047052947265,
                69.22751959414845
              ],
              [
                20.790644678679687,
                68.9322696551836
              ],
              [
                20.73944381198047,
                68.96099432559376
              ],
              [
                20.554905924407226,
                68.97506292910938
              ],
              [
                20.165574106780273,
                68.95807226748829
              ],
              [
                20.038983378020507,
                68.47830542178517
              ],
              [
                19.965144190398437,
                68.27646216006642
              ],
              [
                19.842658075896484,
                68.16405829043751
              ],
              [
                19.697184595671875,
                68.17078741641407
              ],
              [
                19.396079096404296,
                68.22884710879688
              ],
              [
                18.958706888762695,
                68.29369696231251
              ],
              [
                18.17948821505664,
                68.4687915668047
              ],
              [
                18.10413649996875,
                68.3862720355547
              ],
              [
                18.094193491545898,
                68.08813055606251
              ],
              [
                18.057034525481445,
                67.99866064639454
              ],
              [
                17.913590464202148,
                67.86416205020313
              ],
              [
                17.600947413054687,
                67.8625675067461
              ],
              [
                17.208678278533203,
                67.90511664004688
              ],
              [
                17.08299735507129,
                67.91189917178517
              ],
              [
                16.873921427336914,
                67.83655890078907
              ],
              [
                16.20604613741992,
                67.30725439639454
              ],
              [
                16.22828963717578,
                67.21133001895313
              ],
              [
                16.30508521517871,
                66.98315771670704
              ],
              [
                16.2205305429375,
                66.82812079043751
              ],
              [
                15.943537745085937,
                66.67235144229298
              ],
              [
                15.347432169524414,
                66.25873907657032
              ],
              [
                15.038371119109375,
                66.05977209658985
              ],
              [
                14.596742662993652,
                66.05018194766407
              ],
              [
                14.542045626250488,
                65.94041021914845
              ],
              [
                14.515295061675292,
                65.50339087100392
              ],
              [
                14.371398005095703,
                65.23411139102345
              ],
              [
                14.198942217437011,
                65.02322729678517
              ],
              [
                13.940372500029785,
                64.79864843936329
              ],
              [
                13.717936548796875,
                64.55330237002735
              ],
              [
                13.870228800383789,
                64.49667700381642
              ],
              [
                14.0415754648125,
                64.37565954776173
              ],
              [
                14.154961618987304,
                64.11128576846485
              ],
              [
                14.078371080962402,
                64.03222998233204
              ],
              [
                13.880192789641601,
                63.95259054751758
              ],
              [
                13.550517115203125,
                63.93661459536914
              ],
              [
                13.130986246672851,
                63.948733888582034
              ],
              [
                12.85312274417041,
                63.897296510652346
              ],
              [
                12.577070269194824,
                63.78164633365039
              ],
              [
                12.299161943999511,
                63.566241823152346
              ],
              [
                12.124150309172851,
                63.344615541414065
              ],
              [
                12.089594873992187,
                63.04595144839649
              ],
              [
                11.932652506438476,
                62.553973756746096
              ],
              [
                12.225598368254882,
                62.22569998355274
              ],
              [
                12.07455829104541,
                61.69845923037891
              ],
              [
                12.336585077849609,
                61.523143373445315
              ],
              [
                12.658039126006347,
                61.439532838777346
              ],
              [
                12.791736635771972,
                61.32994803042774
              ],
              [
                12.597381624785644,
                61.02862127871875
              ],
              [
                12.174038920012695,
                60.956405244783205
              ],
              [
                12.431030306426269,
                60.62584646792774
              ],
              [
                12.547958407012207,
                60.43387182803516
              ],
              [
                12.435860666838867,
                60.27809866519336
              ],
              [
                12.422772440520507,
                60.03877981753711
              ],
              [
                12.077025446501953,
                59.865924440339846
              ],
              [
                11.89061168154834,
                59.859962068513674
              ],
              [
                11.837879213896972,
                59.66964682193164
              ],
              [
                11.610307726470214,
                59.56862982364063
              ],
              [
                11.708853754607421,
                59.19492682071094
              ],
              [
                11.563270601836425,
                58.863055787996096
              ],
              [
                11.378647837249023,
                58.85714300723438
              ],
              [
                11.310762438384277,
                59.01105459781055
              ],
              [
                11.178854975310546,
                59.070289216951174
              ]
            ]
          ]
        ]
      }
    },
    {
      "type": "Feature",
      "properties": {
        "nume": "Finlanda",
        "bloc": "Neutru",
        "info": "Stat neutru sub influenta sovietica, fenomen numit 'finlandizare'."
      },
      "geometry": {
        "type": "MultiPolygon",
        "coordinates": [
          [
            [
              [
                28.69715407809375,
                68.69552954287892
              ],
              [
                28.68595221957324,
                68.56834753604298
              ],
              [
                28.57012084445117,
                68.35876043887501
              ],
              [
                28.622220072356445,
                68.12066992373829
              ],
              [
                28.87572959384082,
                68.0252872333086
              ],
              [
                29.268128428069335,
                67.9381519183672
              ],
              [
                29.701823267546875,
                67.71039160342579
              ],
              [
                29.946114573088867,
                67.53390844912892
              ],
              [
                29.75697616061328,
                67.37029608340626
              ],
              [
                29.170870813933593,
                67.02063330264454
              ],
              [
                29.022913965789062,
                66.88741644473438
              ],
              [
                29.65425971469043,
                66.26003607364063
              ],
              [
                30.001729044524414,
                65.72212561221485
              ],
              [
                29.91344932040332,
                65.56172522158985
              ],
              [
                29.71532157382129,
                65.32123907657032
              ],
              [
                29.631157908049804,
                65.13976629825001
              ],
              [
                29.61822226962207,
                64.97341497989063
              ],
              [
                29.784417185393554,
                64.7442813739336
              ],
              [
                30.363450083342773,
                64.11682470889454
              ],
              [
                30.43152335604785,
                64.00285681338673
              ],
              [
                30.40582564791797,
                63.88850363345508
              ],
              [
                30.162203821746093,
                63.70183523745899
              ],
              [
                30.01492980441211,
                63.615577302888674
              ],
              [
                30.212641748992187,
                63.46712454409961
              ],
              [
                30.823624643889648,
                63.24279745669727
              ],
              [
                31.13995078524707,
                63.12374075503711
              ],
              [
                31.33592704257129,
                62.947433076814455
              ],
              [
                31.40830138644336,
                62.79196508975391
              ],
              [
                31.36091903170703,
                62.60777624698047
              ],
              [
                31.167542490569335,
                62.36660345645313
              ],
              [
                30.90184691866992,
                62.12546881289844
              ],
              [
                30.278626474944335,
                61.78445013614063
              ],
              [
                29.38611319979785,
                61.24664267154102
              ],
              [
                28.510039362517578,
                60.73181112857227
              ],
              [
                28.431775126067382,
                60.60346945376758
              ],
              [
                28.01143744906543,
                60.51073034854297
              ],
              [
                27.473618540374023,
                60.42607840152149
              ],
              [
                27.40622046908496,
                60.34481772036914
              ],
              [
                27.178481134978515,
                60.442393861726565
              ],
              [
                26.945570978728515,
                60.37631186099414
              ],
              [
                26.922308954802734,
                60.31612356753711
              ],
              [
                26.61307624301074,
                60.34783133120899
              ],
              [
                26.52587607821582,
                60.396468721345705
              ],
              [
                26.55163863619922,
                60.570697389558596
              ],
              [
                26.442835840789062,
                60.33334311099414
              ],
              [
                26.322712931243164,
                60.270240388826174
              ],
              [
                26.037745508757812,
                60.24929770083789
              ],
              [
                25.890101465789062,
                60.2358356341875
              ],
              [
                25.845532450286132,
                60.115481935457034
              ],
              [
                25.58054450472949,
                60.2623363360918
              ],
              [
                25.4498949380791,
                60.13839682193164
              ],
              [
                25.14579108676074,
                60.1097484454668
              ],
              [
                24.992980036345703,
                60.02957113833789
              ],
              [
                24.969470057097656,
                60.08683355899219
              ],
              [
                24.742980036345703,
                60.03823050113086
              ],
              [
                24.515957865325195,
                59.9894977435625
              ],
              [
                24.421050104705078,
                59.86975058169727
              ],
              [
                24.281357798186523,
                59.938148103669924
              ],
              [
                23.9789476724541,
                59.881148897126955
              ],
              [
                23.961113962737304,
                59.932452760652346
              ],
              [
                23.66465667208789,
                59.83555182071094
              ],
              [
                23.41885474642871,
                59.82984884829883
              ],
              [
                23.201441797820312,
                59.818458162263674
              ],
              [
                22.982125315276367,
                59.932452760652346
              ],
              [
                22.882000956145507,
                60.05556448550586
              ],
              [
                23.005200419036132,
                60.208758912996096
              ],
              [
                22.624615702239257,
                60.20110281558399
              ],
              [
                22.39206603488086,
                60.121200166658205
              ],
              [
                22.421467814055664,
                60.29318579287891
              ],
              [
                22.220654520598632,
                60.25876959414844
              ],
              [
                21.93095305880664,
                60.38077124209766
              ],
              [
                21.746808085051757,
                60.40827139468555
              ],
              [
                21.56015113314746,
                60.51248510928516
              ],
              [
                21.443177256194335,
                60.693648897126955
              ],
              [
                21.42725661715625,
                61.01509817691211
              ],
              [
                21.498307261077148,
                61.183272920564455
              ],
              [
                21.52078917941211,
                61.37956961245899
              ],
              [
                21.56100562533496,
                61.48492010684375
              ],
              [
                21.4052172037041,
                61.70243414492969
              ],
              [
                21.21119979342578,
                61.870914064363284
              ],
              [
                21.34644034823535,
                62.167132936433596
              ],
              [
                21.33755591830371,
                62.343604646638674
              ],
              [
                21.2001390787041,
                62.435184083894534
              ],
              [
                21.03372863253711,
                62.477298341707034
              ],
              [
                21.06180671176074,
                62.61173590274219
              ],
              [
                21.194806131926757,
                62.760684572175784
              ],
              [
                21.481284174529296,
                62.888812623933596
              ],
              [
                21.545966181365234,
                62.97405966372852
              ],
              [
                21.494656595793945,
                63.123031221345705
              ],
              [
                21.666478190032226,
                63.18730505557422
              ],
              [
                21.951323542205078,
                63.13101538272266
              ],
              [
                22.07504371127246,
                63.102820955232424
              ],
              [
                22.292357477751953,
                63.20269354434375
              ],
              [
                22.42877486666797,
                63.39496573062305
              ],
              [
                22.475831064788085,
                63.60161551089649
              ],
              [
                22.569018396941406,
                63.72301443667774
              ],
              [
                22.704222712126953,
                63.58064230533008
              ],
              [
                22.825530085173828,
                63.58087881656055
              ],
              [
                23.58028510531543,
                64.08205755801563
              ],
              [
                24.094035181609375,
                64.37656744571095
              ],
              [
                24.470093760100585,
                64.63552435489063
              ],
              [
                24.93191626986621,
                64.81603582950001
              ],
              [
                25.325089487639648,
                64.80239447207813
              ],
              [
                25.35190490206836,
                64.93909796328907
              ],
              [
                25.29341414889453,
                65.00389441104298
              ],
              [
                25.13255980929492,
                65.0759464129961
              ],
              [
                25.186125788298828,
                65.24265631289845
              ],
              [
                25.251507792083007,
                65.4168887958086
              ],
              [
                25.103611979094726,
                65.54012640567188
              ],
              [
                24.591139826384765,
                65.5827823504961
              ],
              [
                24.21480086764453,
                65.7859073504961
              ],
              [
                23.94773200472949,
                65.79668005557423
              ],
              [
                23.896744761077148,
                65.90195044131642
              ],
              [
                23.74945357760547,
                66.03977545352345
              ],
              [
                23.656113657561523,
                66.28044470401173
              ],
              [
                23.881226572600585,
                66.64063604922657
              ],
              [
                23.868172678557617,
                66.81687506289845
              ],
              [
                23.685669931975585,
                67.12514837832813
              ],
              [
                23.457884821501953,
                67.41192968936329
              ],
              [
                23.45974067172168,
                67.64877661319142
              ],
              [
                23.487652811614257,
                67.83432348819142
              ],
              [
                23.14123824557422,
                68.08520086856251
              ],
              [
                22.912732157317382,
                68.18824347110157
              ],
              [
                22.20074752291797,
                68.28145941348438
              ],
              [
                21.712475809661132,
                68.41321142764454
              ],
              [
                21.133328470793945,
                68.70923956485157
              ],
              [
                20.856396708098632,
                68.91759832950001
              ],
              [
                20.790644678679687,
                68.9322696551836
              ],
              [
                21.246047052947265,
                69.22751959414845
              ],
              [
                21.405808481780273,
                69.27349432559376
              ],
              [
                21.625054392424804,
                69.23698767276173
              ],
              [
                22.072279963103515,
                68.96130713076954
              ],
              [
                22.45976165255664,
                68.69354590030079
              ],
              [
                22.701151880828125,
                68.63494452090626
              ],
              [
                23.336180719939453,
                68.6157642230547
              ],
              [
                24.081843409148437,
                68.71680792422657
              ],
              [
                24.661688837615234,
                68.49548681826954
              ],
              [
                24.800692591277343,
                68.42901190371876
              ],
              [
                25.06282905062793,
                68.59468420596485
              ],
              [
                25.62536910494922,
                68.80706366153126
              ],
              [
                25.709948572722656,
                69.03241308780079
              ],
              [
                25.74562934359668,
                69.25801428408985
              ],
              [
                25.862544092742187,
                69.4543872699297
              ],
              [
                26.117674860564453,
                69.64424475283985
              ],
              [
                26.507250818816406,
                69.81245001407032
              ],
              [
                27.40887168368457,
                69.85489233584767
              ],
              [
                27.65853980502246,
                69.88641699405079
              ],
              [
                27.90868094882129,
                69.88766821475392
              ],
              [
                28.414877924529296,
                69.69372900576954
              ],
              [
                28.7169847818291,
                69.64241369815235
              ],
              [
                29.11325171908496,
                69.48603399844532
              ],
              [
                29.133002314177734,
                69.36561163516407
              ],
              [
                28.73972419222949,
                68.95038946719532
              ],
              [
                28.69640258273242,
                68.7852969989336
              ],
              [
                28.69715407809375,
                68.69552954287892
              ]
            ]
          ]
        ]
      }
    },
    {
      "type": "Feature",
      "properties": {
        "nume": "Suedia",
        "bloc": "Neutru",
        "info": "Stat neutru cu o politica de aparare independenta puternica."
      },
      "geometry": {
        "type": "MultiPolygon",
        "coordinates": [
          [
            [
              [
                23.94773200472949,
                65.79668005557423
              ],
              [
                23.844082865325195,
                65.79847296328907
              ],
              [
                23.405688318816406,
                65.72483404727345
              ],
              [
                23.204020533171875,
                65.68075140567188
              ],
              [
                22.7981615396416,
                65.85482367129688
              ],
              [
                22.645554575530273,
                65.93478735537892
              ],
              [
                22.489802393523437,
                65.883418642
              ],
              [
                22.20156959017871,
                65.71528967471485
              ],
              [
                21.95748237094043,
                65.44573553653126
              ],
              [
                21.818726572600585,
                65.38013800235157
              ],
              [
                21.52232840975879,
                65.37231024356251
              ],
              [
                21.27734664401172,
                65.21227606387501
              ],
              [
                21.423712763396484,
                65.10388525576954
              ],
              [
                21.489449534026367,
                65.01716192813282
              ],
              [
                21.329442057219726,
                64.89435156436329
              ],
              [
                20.92119315585254,
                64.71382483096485
              ],
              [
                21.06432250460742,
                64.59199865908985
              ],
              [
                21.237046274749023,
                64.52054174991017
              ],
              [
                21.385829004851562,
                64.38455542178517
              ],
              [
                21.048895868865234,
                64.21916540713673
              ],
              [
                20.866480860320312,
                64.02561529727345
              ],
              [
                20.70065978488086,
                63.818126283601565
              ],
              [
                19.984885248748046,
                63.51726873965625
              ],
              [
                19.670275721160156,
                63.38854178042774
              ],
              [
                19.465012583342773,
                63.48070486636524
              ],
              [
                19.318224939910156,
                63.444827638582034
              ],
              [
                19.075926813689453,
                63.202498994783205
              ],
              [
                18.78499129733203,
                63.138011537507815
              ],
              [
                18.48662475070117,
                62.98124273867969
              ],
              [
                18.388949427214843,
                62.85337408633594
              ],
              [
                18.303191217986328,
                62.789424501375
              ],
              [
                17.967440638152343,
                62.77462347598438
              ],
              [
                17.86816886386035,
                62.788619600251955
              ],
              [
                17.93625548800586,
                62.54800375552539
              ],
              [
                17.718112024871093,
                62.356734834626955
              ],
              [
                17.29024032076953,
                62.44072302432422
              ],
              [
                17.387362513152343,
                62.20076712222461
              ],
              [
                17.496771845427734,
                62.08810003848438
              ],
              [
                17.38697341403125,
                61.65843542666797
              ],
              [
                17.16264251193164,
                61.62990530581836
              ],
              [
                17.06517699679492,
                61.53837927432422
              ],
              [
                17.150189432708007,
                61.19770773501758
              ],
              [
                17.146208796111328,
                60.95282705874805
              ],
              [
                17.317627939788085,
                60.753070436433596
              ],
              [
                17.188498529998046,
                60.674293123201174
              ],
              [
                17.60496428927539,
                60.63753851504688
              ],
              [
                17.706456217375976,
                60.55358084292774
              ],
              [
                17.93074897250293,
                60.590308748201174
              ],
              [
                18.224387201873046,
                60.32296713443164
              ],
              [
                18.416865381804687,
                60.181624971345705
              ],
              [
                18.804085764495117,
                60.10839804263477
              ],
              [
                18.89307120761035,
                59.92568930240039
              ],
              [
                19.03732398470996,
                59.86324270816211
              ],
              [
                19.043551477996093,
                59.71242483706836
              ],
              [
                18.867892298308593,
                59.71242483706836
              ],
              [
                18.639250788298828,
                59.56692846866016
              ],
              [
                18.25142196139453,
                59.43193777652149
              ],
              [
                18.030083689299804,
                59.35928305240039
              ],
              [
                17.795283350554687,
                59.36447485537891
              ],
              [
                17.729952845183593,
                59.41636236758594
              ],
              [
                17.36798385104297,
                59.468265138582034
              ],
              [
                17.070597681609375,
                59.5461498126543
              ],
              [
                16.785538706389648,
                59.577315889314455
              ],
              [
                16.724089655486328,
                59.53057058902149
              ],
              [
                16.523207697478515,
                59.5825153216875
              ],
              [
                16.40757659396289,
                59.44749792666797
              ],
              [
                16.776474985686523,
                59.478656373933596
              ],
              [
                16.99983504733203,
                59.35928305240039
              ],
              [
                17.26577857455371,
                59.33853491397266
              ],
              [
                17.358122858611328,
                59.24517782779102
              ],
              [
                17.57492164095996,
                59.21407278628711
              ],
              [
                17.584412607756835,
                59.2711139545
              ],
              [
                17.86173156222461,
                59.239993654207034
              ],
              [
                17.977635416594726,
                59.32815130801563
              ],
              [
                18.11137870272754,
                59.322974763826174
              ],
              [
                18.32816985568164,
                59.369666658357424
              ],
              [
                18.429560694304687,
                59.33334692569141
              ],
              [
                18.441370997039062,
                59.40079077334766
              ],
              [
                18.515469584075195,
                59.40079077334766
              ],
              [
                18.611327204314453,
                59.33334692569141
              ],
              [
                18.59819510897754,
                59.297042451814455
              ],
              [
                18.273371729460937,
                59.286666475251955
              ],
              [
                18.371960672942382,
                59.15706976504688
              ],
              [
                18.015667948333007,
                59.03791006656055
              ],
              [
                17.940136942473632,
                58.90848883242969
              ],
              [
                17.766465220061523,
                58.87226828189258
              ],
              [
                17.726422342864257,
                58.91366156192188
              ],
              [
                17.745200190154296,
                58.986129365876955
              ],
              [
                17.739108118621093,
                59.110423646882815
              ],
              [
                17.623181376067382,
                59.10007055850391
              ],
              [
                17.582188639250976,
                58.89296682925586
              ],
              [
                17.356675180999023,
                58.74296911807422
              ],
              [
                17.245389017668945,
                58.71711691470508
              ],
              [
                17.08299926241992,
                58.74813421817188
              ],
              [
                17.080731424895507,
                58.64992865176563
              ],
              [
                16.442866358367187,
                58.63442190738086
              ],
              [
                16.51319411715625,
                58.42811544986133
              ],
              [
                16.744044336882812,
                58.31195028872852
              ],
              [
                16.773545298186523,
                58.03790243716602
              ],
              [
                16.72458556613086,
                57.88932379336719
              ],
              [
                16.597764048186523,
                57.86645468325977
              ],
              [
                16.45953086337207,
                57.895206056550784
              ],
              [
                16.476531061736328,
                57.70212896914844
              ],
              [
                16.607205423918945,
                57.66581305117969
              ],
              [
                16.55047896823047,
                57.545150361970705
              ],
              [
                16.658679041472656,
                57.442950807527346
              ],
              [
                16.49415877780078,
                57.27892263980274
              ],
              [
                16.394524607268554,
                57.07430227847461
              ],
              [
                16.376174006072265,
                56.82242163272266
              ],
              [
                16.031445536223632,
                56.353072725251955
              ],
              [
                15.770541224089843,
                56.0332103595293
              ],
              [
                15.696229014006835,
                56.06096228213672
              ],
              [
                15.49704078158496,
                56.1672435626543
              ],
              [
                15.220801386443359,
                56.08036383242969
              ],
              [
                14.652893099395019,
                56.120616517976565
              ],
              [
                14.605230364409667,
                55.980784975007815
              ],
              [
                14.491827997771484,
                56.01803930850391
              ],
              [
                14.258925470916015,
                55.89928015323047
              ],
              [
                14.12602141818164,
                55.666583620027346
              ],
              [
                14.28635028323291,
                55.51549490542774
              ],
              [
                14.1171951623833,
                55.34711416812305
              ],
              [
                13.901111635771972,
                55.405154787019534
              ],
              [
                13.823299440947753,
                55.421817384675784
              ],
              [
                13.301851305571777,
                55.300696931794924
              ],
              [
                12.802372011748535,
                55.3529125079668
              ],
              [
                12.801919970122558,
                55.416766725496096
              ],
              [
                12.887555155364257,
                55.45160635562305
              ],
              [
                12.859313997832519,
                55.532916627839846
              ],
              [
                12.985865625945312,
                55.666583620027346
              ],
              [
                12.699014696685058,
                55.90509756656055
              ],
              [
                12.513357195464355,
                56.120616517976565
              ],
              [
                12.414413485137207,
                56.24304159732227
              ],
              [
                12.652379068938476,
                56.29553183169727
              ],
              [
                12.61543563326953,
                56.43560751529102
              ],
              [
                12.80480674227832,
                56.40119894595508
              ],
              [
                12.871575388518554,
                56.51151617617969
              ],
              [
                12.78585914095996,
                56.616683565095705
              ],
              [
                12.65748122653125,
                56.61083944888477
              ],
              [
                12.52603248080371,
                56.78039511294727
              ],
              [
                12.288620981780273,
                56.87985571475391
              ],
              [
                12.005142244902832,
                57.325206361726565
              ],
              [
                11.876622233000976,
                57.325206361726565
              ],
              [
                11.88111403903125,
                57.50896414370899
              ],
              [
                11.766084704009277,
                57.672679506257815
              ],
              [
                11.609838518706542,
                57.80694540591602
              ],
              [
                11.709144625273925,
                58.024737916902346
              ],
              [
                11.801886591521484,
                58.17793997378711
              ],
              [
                11.613860163298828,
                58.24734839053516
              ],
              [
                11.431094202605468,
                58.20152624698047
              ],
              [
                11.406709704009277,
                58.33127173037891
              ],
              [
                11.22135833224414,
                58.30832251162891
              ],
              [
                11.14039138278125,
                58.85121878238086
              ],
              [
                11.03924277743457,
                58.9103961810625
              ],
              [
                11.178854975310546,
                59.070289216951174
              ],
              [
                11.310762438384277,
                59.01105459781055
              ],
              [
                11.378647837249023,
                58.85714300723438
              ],
              [
                11.563270601836425,
                58.863055787996096
              ],
              [
                11.708853754607421,
                59.19492682071094
              ],
              [
                11.610307726470214,
                59.56862982364063
              ],
              [
                11.837879213896972,
                59.66964682193164
              ],
              [
                11.89061168154834,
                59.859962068513674
              ],
              [
                12.077025446501953,
                59.865924440339846
              ],
              [
                12.422772440520507,
                60.03877981753711
              ],
              [
                12.435860666838867,
                60.27809866519336
              ],
              [
                12.547958407012207,
                60.43387182803516
              ],
              [
                12.431030306426269,
                60.62584646792774
              ],
              [
                12.174038920012695,
                60.956405244783205
              ],
              [
                12.597381624785644,
                61.02862127871875
              ],
              [
                12.791736635771972,
                61.32994803042774
              ],
              [
                12.658039126006347,
                61.439532838777346
              ],
              [
                12.336585077849609,
                61.523143373445315
              ],
              [
                12.07455829104541,
                61.69845923037891
              ],
              [
                12.225598368254882,
                62.22569998355274
              ],
              [
                11.932652506438476,
                62.553973756746096
              ],
              [
                12.089594873992187,
                63.04595144839649
              ],
              [
                12.124150309172851,
                63.344615541414065
              ],
              [
                12.299161943999511,
                63.566241823152346
              ],
              [
                12.577070269194824,
                63.78164633365039
              ],
              [
                12.85312274417041,
                63.897296510652346
              ],
              [
                13.130986246672851,
                63.948733888582034
              ],
              [
                13.550517115203125,
                63.93661459536914
              ],
              [
                13.880192789641601,
                63.95259054751758
              ],
              [
                14.078371080962402,
                64.03222998233204
              ],
              [
                14.154961618987304,
                64.11128576846485
              ],
              [
                14.0415754648125,
                64.37565954776173
              ],
              [
                13.870228800383789,
                64.49667700381642
              ],
              [
                13.717936548796875,
                64.55330237002735
              ],
              [
                13.940372500029785,
                64.79864843936329
              ],
              [
                14.198942217437011,
                65.02322729678517
              ],
              [
                14.371398005095703,
                65.23411139102345
              ],
              [
                14.515295061675292,
                65.50339087100392
              ],
              [
                14.542045626250488,
                65.94041021914845
              ],
              [
                14.596742662993652,
                66.05018194766407
              ],
              [
                15.038371119109375,
                66.05977209658985
              ],
              [
                15.347432169524414,
                66.25873907657032
              ],
              [
                15.943537745085937,
                66.67235144229298
              ],
              [
                16.2205305429375,
                66.82812079043751
              ],
              [
                16.30508521517871,
                66.98315771670704
              ],
              [
                16.22828963717578,
                67.21133001895313
              ],
              [
                16.20604613741992,
                67.30725439639454
              ],
              [
                16.873921427336914,
                67.83655890078907
              ],
              [
                17.08299735507129,
                67.91189917178517
              ],
              [
                17.208678278533203,
                67.90511664004688
              ],
              [
                17.600947413054687,
                67.8625675067461
              ],
              [
                17.913590464202148,
                67.86416205020313
              ],
              [
                18.057034525481445,
                67.99866064639454
              ],
              [
                18.094193491545898,
                68.08813055606251
              ],
              [
                18.10413649996875,
                68.3862720355547
              ],
              [
                18.17948821505664,
                68.4687915668047
              ],
              [
                18.958706888762695,
                68.29369696231251
              ],
              [
                19.396079096404296,
                68.22884710879688
              ],
              [
                19.697184595671875,
                68.17078741641407
              ],
              [
                19.842658075896484,
                68.16405829043751
              ],
              [
                19.965144190398437,
                68.27646216006642
              ],
              [
                20.038983378020507,
                68.47830542178517
              ],
              [
                20.165574106780273,
                68.95807226748829
              ],
              [
                20.554905924407226,
                68.97506292910938
              ],
              [
                20.73944381198047,
                68.96099432559376
              ],
              [
                20.790644678679687,
                68.9322696551836
              ],
              [
                20.856396708098632,
                68.91759832950001
              ],
              [
                21.133328470793945,
                68.70923956485157
              ],
              [
                21.712475809661132,
                68.41321142764454
              ],
              [
                22.20074752291797,
                68.28145941348438
              ],
              [
                22.912732157317382,
                68.18824347110157
              ],
              [
                23.14123824557422,
                68.08520086856251
              ],
              [
                23.487652811614257,
                67.83432348819142
              ],
              [
                23.45974067172168,
                67.64877661319142
              ],
              [
                23.457884821501953,
                67.41192968936329
              ],
              [
                23.685669931975585,
                67.12514837832813
              ],
              [
                23.868172678557617,
                66.81687506289845
              ],
              [
                23.881226572600585,
                66.64063604922657
              ],
              [
                23.656113657561523,
                66.28044470401173
              ],
              [
                23.74945357760547,
                66.03977545352345
              ],
              [
                23.896744761077148,
                65.90195044131642
              ],
              [
                23.94773200472949,
                65.79668005557423
              ]
            ]
          ]
        ]
      }
    },
    {
      "type": "Feature",
      "properties": {
        "nume": "Germania de Vest (RFG)",
        "bloc": "Vestic",
        "info": "Republica Federala Germania, cu capitala la Bonn. Membru NATO din 1955, in prima linie a Razboiului Rece."
      },
      "geometry": {
        "type": "MultiPolygon",
        "coordinates": [
          [
            [
              [
                7.445963415709716,
                47.70879324527149
              ],
              [
                7.543118509856445,
                48.02423056216602
              ],
              [
                7.502136263457519,
                48.058272920564455
              ],
              [
                7.536028418151123,
                48.19133719058399
              ],
              [
                7.68064263781665,
                48.358523927644534
              ],
              [
                7.704579386321289,
                48.519576631501955
              ],
              [
                7.729077848998291,
                48.615619264558596
              ],
              [
                8.15829566439746,
                48.97834738345508
              ],
              [
                7.885707888213378,
                49.06520804019336
              ],
              [
                7.670458349791748,
                49.05900915713672
              ],
              [
                7.465429815856201,
                49.09933432193164
              ],
              [
                7.422812018004638,
                49.183108888582034
              ],
              [
                7.317378077117187,
                49.18621405215625
              ],
              [
                7.284997973052246,
                49.164493165925784
              ],
              [
                6.974740538207275,
                49.13656958194141
              ],
              [
                6.954413923827392,
                49.20173605533008
              ],
              [
                6.77724269351123,
                49.17690237613086
              ],
              [
                6.625501665679199,
                49.30178793521289
              ],
              [
                6.433043036071044,
                49.445331178621096
              ],
              [
                6.3994536729729,
                49.60418661685352
              ],
              [
                6.511355433074218,
                49.668929658845705
              ],
              [
                6.530922445861084,
                49.79842718692188
              ],
              [
                6.321478399840576,
                49.84161337466602
              ],
              [
                6.136599573699218,
                49.981978975251955
              ],
              [
                6.108513388243896,
                50.11745413394336
              ],
              [
                6.298354181853515,
                50.286868654207034
              ],
              [
                6.28142503222583,
                50.49760016055469
              ],
              [
                6.154545816985351,
                50.66175802798633
              ],
              [
                5.999575647917968,
                50.74159964175586
              ],
              [
                6.073926481810791,
                50.866614900544924
              ],
              [
                6.009666475859863,
                50.964496217683596
              ],
              [
                5.927895102111084,
                50.98081549258594
              ],
              [
                5.964243445006591,
                51.024337373689455
              ],
              [
                6.070175680724365,
                51.084186159089846
              ],
              [
                6.176207575408203,
                51.1440502032793
              ],
              [
                6.089237246123535,
                51.19848593325977
              ],
              [
                6.179620298949462,
                51.322330079988284
              ],
              [
                6.222278151122314,
                51.389102540925784
              ],
              [
                6.153822455016357,
                51.52067144961719
              ],
              [
                6.1168608995354,
                51.63985785098438
              ],
              [
                5.947897944060546,
                51.72167166324024
              ],
              [
                5.979368242827636,
                51.80352743716602
              ],
              [
                6.13267425021289,
                51.83843573184375
              ],
              [
                6.211378130522949,
                51.87994345279102
              ],
              [
                6.381445440856201,
                51.81990011783008
              ],
              [
                6.680369410125,
                51.88775213809375
              ],
              [
                6.82461646517871,
                51.95638617129688
              ],
              [
                6.882234129515869,
                52.12573202700977
              ],
              [
                7.067718062010986,
                52.21864279361133
              ],
              [
                7.069026503173095,
                52.366283021882815
              ],
              [
                6.996851477233154,
                52.442874513582034
              ],
              [
                6.911921534148437,
                52.41551931949024
              ],
              [
                6.713568243590576,
                52.47569998355274
              ],
              [
                6.726836237517578,
                52.558333955720705
              ],
              [
                6.778090509978515,
                52.639930330232424
              ],
              [
                7.034791025725585,
                52.62350424380664
              ],
              [
                7.072895083037597,
                52.804263673738284
              ],
              [
                7.228004488555175,
                52.96671637149219
              ],
              [
                7.159938845244628,
                53.16400106997852
              ],
              [
                7.189745459166748,
                53.230140291169924
              ],
              [
                6.980709108916503,
                53.3166576251543
              ],
              [
                7.03733209094165,
                53.51014669986133
              ],
              [
                7.165639433470947,
                53.591670595125
              ],
              [
                7.332391771880371,
                53.60442694278125
              ],
              [
                7.836380991545898,
                53.63209494204883
              ],
              [
                7.968539270964843,
                53.63753470034961
              ],
              [
                8.011022600737792,
                53.565692506746096
              ],
              [
                8.098732981291992,
                53.44393499942188
              ],
              [
                8.029082331267578,
                53.37264975161914
              ],
              [
                8.174986872283203,
                53.32174261660938
              ],
              [
                8.241933855620605,
                53.3522907123125
              ],
              [
                8.260771784392578,
                53.438846193269534
              ],
              [
                8.189001116362792,
                53.530520997957034
              ],
              [
                8.30565074404834,
                53.52543219180469
              ],
              [
                8.501803431121093,
                53.44902762027149
              ],
              [
                8.42865756472705,
                53.61204870791797
              ],
              [
                8.539542231169921,
                53.80068167300586
              ],
              [
                8.848478350249511,
                53.749679170564455
              ],
              [
                9.125039133635742,
                53.790477357820315
              ],
              [
                8.857097658721191,
                53.866988740876955
              ],
              [
                8.818971666899902,
                53.969039522126955
              ],
              [
                8.946340593901855,
                54.014972291902346
              ],
              [
                8.832654032317382,
                54.066016756013674
              ],
              [
                8.778787645903808,
                54.132403932527346
              ],
              [
                8.853296312895996,
                54.168155275300784
              ],
              [
                8.884012255278808,
                54.229449830964846
              ],
              [
                8.580725702849609,
                54.19368704409961
              ],
              [
                8.553946528044921,
                54.27543982119922
              ],
              [
                8.852422747222167,
                54.331649385408205
              ],
              [
                8.950601610747558,
                54.418555818513674
              ],
              [
                8.742068323699218,
                54.60780294986133
              ],
              [
                8.595986399260742,
                54.76135214419727
              ],
              [
                8.616097483245117,
                54.88736303897266
              ],
              [
                8.668599161711914,
                54.88034018130664
              ],
              [
                9.49598220309375,
                54.93829306216602
              ],
              [
                9.610262903777343,
                54.880042634919924
              ],
              [
                9.864443811980468,
                54.72629126162891
              ],
              [
                9.986687693206054,
                54.592444978669924
              ],
              [
                9.978010210601074,
                54.49014624209766
              ],
              [
                9.864808115569335,
                54.41139944644336
              ],
              [
                10.06492808779834,
                54.43389471621875
              ],
              [
                10.141728434172851,
                54.33675345034961
              ],
              [
                10.21287730654834,
                54.37191732974414
              ],
              [
                10.340239557830078,
                54.362315736726565
              ],
              [
                10.437767325705437,
                54.29748898869198
              ],
              [
                10.35345095270583,
                54.034000323068206
              ],
              [
                10.491700987778596,
                53.840450273966326
              ],
              [
                10.39492596322766,
                53.70220023889356
              ],
              [
                10.934101100011457,
                53.42570016874802
              ],
              [
                10.547001001807704,
                53.356575151211636
              ],
              [
                10.51935099479315,
                53.121550091587935
              ],
              [
                10.70598854214139,
                52.98330005651516
              ],
              [
                10.595388514083174,
                52.51324993726775
              ],
              [
                10.470963482517682,
                52.43029991622409
              ],
              [
                10.4018384649813,
                52.001724807498505
              ],
              [
                10.512438493039513,
                51.89112477944029
              ],
              [
                10.44331347550313,
                51.72522473735297
              ],
              [
                10.166813405357592,
                51.780524751382075
              ],
              [
                9.835013321182947,
                51.62844971280203
              ],
              [
                9.848838324690224,
                51.338124639149214
              ],
              [
                10.028563370284823,
                51.24134961459828
              ],
              [
                9.890313335212054,
                50.77129949535086
              ],
              [
                9.904138338719331,
                50.48097442169805
              ],
              [
                10.166813405357592,
                50.49479942520532
              ],
              [
                10.553913503561343,
                50.190649348045234
              ],
              [
                10.74746355266322,
                50.35654939013256
              ],
              [
                11.120738647359696,
                50.190649348045234
              ],
              [
                11.176038661388803,
                50.52244943221988
              ],
              [
                11.466363735041616,
                50.46714941819077
              ],
              [
                11.825813826230815,
                50.56392444274171
              ],
              [
                12.2353592248833,
                50.24080618472461
              ],
              [
                12.252341303435546,
                50.215892396882815
              ],
              [
                12.368390116301757,
                50.045638643220705
              ],
              [
                12.554163012114746,
                50.00162085147266
              ],
              [
                12.484350237456542,
                49.88884695620899
              ],
              [
                12.448309931365234,
                49.70614584536914
              ],
              [
                12.519705805388671,
                49.66758307071094
              ],
              [
                12.536298784819824,
                49.56257589908008
              ],
              [
                12.64577582797168,
                49.48458441348438
              ],
              [
                12.860805544463378,
                49.36557348819141
              ],
              [
                12.945256266204101,
                49.39791830630664
              ],
              [
                13.20311168154834,
                49.16617163272266
              ],
              [
                13.39694312533496,
                49.08953436465625
              ],
              [
                13.479734453765136,
                48.999183259919924
              ],
              [
                13.578151735869628,
                49.03689154239063
              ],
              [
                13.652069124785644,
                48.956100069001955
              ],
              [
                13.745481524077636,
                48.9399486407793
              ],
              [
                13.946682962981445,
                48.655101381257815
              ],
              [
                13.640039476958496,
                48.538158021882815
              ],
              [
                13.443694147673828,
                48.606326662019534
              ],
              [
                13.384143862334472,
                48.59393271060352
              ],
              [
                13.366653475371582,
                48.44213827700977
              ],
              [
                13.29362395724414,
                48.36471518130664
              ],
              [
                12.85824969729541,
                48.23158224673633
              ],
              [
                12.694188150969726,
                48.12943609805469
              ],
              [
                12.936306032744628,
                47.87266119571094
              ],
              [
                12.847529444304687,
                47.73971136660938
              ],
              [
                12.998080286589843,
                47.733523927644534
              ],
              [
                13.022998842803222,
                47.66242178531055
              ],
              [
                12.978917154875976,
                47.50790747256641
              ],
              [
                12.942021402922851,
                47.48320349307422
              ],
              [
                12.743726763335449,
                47.56352957339649
              ],
              [
                12.76539138278125,
                47.637698732332034
              ],
              [
                12.700078997222167,
                47.69024618716602
              ],
              [
                12.446094545928222,
                47.66242178531055
              ],
              [
                12.358181032744628,
                47.724254213289065
              ],
              [
                12.163277659026367,
                47.70879324527149
              ],
              [
                12.122032198516113,
                47.628429017976565
              ],
              [
                11.55956748446582,
                47.612979494050784
              ],
              [
                11.503432306853515,
                47.535716615632815
              ],
              [
                11.359831842986328,
                47.52954062075977
              ],
              [
                11.340007814971191,
                47.47084005923633
              ],
              [
                11.17034629305957,
                47.42449911685352
              ],
              [
                10.902938875762207,
                47.41523703189258
              ],
              [
                10.876619371978027,
                47.480113588289065
              ],
              [
                10.834806475249511,
                47.544993959382815
              ],
              [
                10.613203081694824,
                47.58516653628711
              ],
              [
                10.495405230132324,
                47.560435853914065
              ],
              [
                10.38832667788623,
                47.5789867267168
              ],
              [
                10.403125795928222,
                47.45539053531055
              ],
              [
                10.199509653655273,
                47.30096014590625
              ],
              [
                10.102937731353027,
                47.30096014590625
              ],
              [
                10.13797381838916,
                47.388656221345705
              ],
              [
                10.02095321139453,
                47.40597113223438
              ],
              [
                10.025811228362304,
                47.480113588289065
              ],
              [
                9.938269648162109,
                47.50173147769336
              ],
              [
                9.891994509307128,
                47.56352957339649
              ],
              [
                9.779980692473632,
                47.56662329287891
              ],
              [
                9.736709627715332,
                47.616065584138674
              ],
              [
                9.665470719275044,
                47.55624011404333
              ],
              [
                9.653150344436488,
                47.55618248403419
              ],
              [
                9.62819114515806,
                47.57039558844471
              ],
              [
                9.606712670379503,
                47.57248189051159
              ],
              [
                9.60088044237073,
                47.58531266106803
              ],
              [
                9.56335717626282,
                47.584746979125
              ],
              [
                9.5339256480945,
                47.59678061932501
              ],
              [
                9.502257340469352,
                47.64637098550931
              ],
              [
                9.488171047056394,
                47.651505682883
              ],
              [
                9.466080995855355,
                47.64798023777849
              ],
              [
                9.421182075871505,
                47.66594768445761
              ],
              [
                9.347634956983754,
                47.660919078143486
              ],
              [
                9.287804878151578,
                47.683765275235324
              ],
              [
                9.237245446629197,
                47.711482986700766
              ],
              [
                9.225777565070517,
                47.739347885480086
              ],
              [
                9.132380912926813,
                47.77233665825951
              ],
              [
                9.105701403173684,
                47.79244785892643
              ],
              [
                9.042968426858371,
                47.817624090976025
              ],
              [
                9.030608947173162,
                47.80499434017611
              ],
              [
                9.06687405483502,
                47.779532244267855
              ],
              [
                9.173649406371743,
                47.734443430470506
              ],
              [
                9.179800812772427,
                47.70459486004789
              ],
              [
                9.201323419921486,
                47.707409761844914
              ],
              [
                9.188048383707981,
                47.69930759937596
              ],
              [
                9.211480461040331,
                47.68278743369377
              ],
              [
                9.216057312656227,
                47.67100283816657
              ],
              [
                9.1985578866875,
                47.67788656802539
              ],
              [
                9.118142444734893,
                47.67853423872031
              ],
              [
                9.112519530198746,
                47.68572201095995
              ],
              [
                9.081389504422836,
                47.68320700711846
              ],
              [
                9.043323638417071,
                47.69346286852432
              ],
              [
                9.048183735261208,
                47.70827352674581
              ],
              [
                9.084469172589861,
                47.68972093590616
              ],
              [
                9.10902282658467,
                47.69016204849861
              ],
              [
                9.100921224629866,
                47.702421832185856
              ],
              [
                8.987175500981742,
                47.74340889394121
              ],
              [
                9.01401797736814,
                47.71960763133936
              ],
              [
                8.959238171322115,
                47.73739127940454
              ],
              [
                8.939972749823733,
                47.726182321942055
              ],
              [
                8.994297857106877,
                47.70671364928088
              ],
              [
                9.00635064628403,
                47.694759228843544
              ],
              [
                8.99458859182209,
                47.68441116867369
              ],
              [
                8.983487283772465,
                47.679618759299416
              ],
              [
                8.815385851470214,
                47.680972658113284
              ],
              [
                8.748005899993164,
                47.72116430850391
              ],
              [
                8.658565554229003,
                47.7149730548418
              ],
              [
                8.65083602389453,
                47.78298910708789
              ],
              [
                8.33202842196582,
                47.693343721345705
              ],
              [
                8.412250551787597,
                47.60370596499805
              ],
              [
                8.2530594201958,
                47.59443625064258
              ],
              [
                8.127995524016601,
                47.64388235659961
              ],
              [
                7.872660669890625,
                47.572799287751955
              ],
              [
                7.751046690551025,
                47.616065584138674
              ],
              [
                7.628408941832763,
                47.56352957339649
              ],
              [
                7.506581816283447,
                47.60370596499805
              ],
              [
                7.445963415709716,
                47.70879324527149
              ]
            ]
          ]
        ]
      }
    },
    {
      "type": "Feature",
      "properties": {
        "nume": "Italia",
        "bloc": "Vestic",
        "info": "Membru fondator NATO (1949), frontiera sudica a Aliantei in Mediterana."
      },
      "geometry": {
        "type": "MultiPolygon",
        "coordinates": [
          [
            [
              [
                13.708912709136243,
                46.50163505804842
              ],
              [
                13.692265049563394,
                46.43744859306148
              ],
              [
                13.58591930576795,
                46.43011932500156
              ],
              [
                13.554015582629315,
                46.38428906679006
              ],
              [
                13.437035264454325,
                46.35677242866562
              ],
              [
                13.447669838833868,
                46.32006201277816
              ],
              [
                13.378545105366827,
                46.292513026263904
              ],
              [
                13.421083402885007,
                46.20426309626215
              ],
              [
                13.500842710731588,
                46.218981278032395
              ],
              [
                13.670995900804305,
                46.17481489990558
              ],
              [
                13.498184067136705,
                46.05132920396729
              ],
              [
                13.479573561972499,
                45.999641260545616
              ],
              [
                13.548698295439543,
                45.96084358641268
              ],
              [
                13.601871167337265,
                45.984864399857436
              ],
              [
                13.641750821260558,
                45.983017014862014
              ],
              [
                13.588577949362836,
                45.8813159000594
              ],
              [
                13.599212523742379,
                45.80723431137194
              ],
              [
                13.817221298523046,
                45.725630618116504
              ],
              [
                13.915591111533834,
                45.62903597703889
              ],
              [
                13.835831803687253,
                45.57881529869216
              ],
              [
                13.787731254125386,
                45.580685619798174
              ],
              [
                13.67318061312793,
                45.71450766177539
              ],
              [
                13.564614328948242,
                45.72652395816211
              ],
              [
                13.437729868499023,
                45.638431154207034
              ],
              [
                13.367695841399414,
                45.69448813052539
              ],
              [
                13.156165155974609,
                45.72652395816211
              ],
              [
                13.10460856875537,
                45.58238562198047
              ],
              [
                12.898650202361328,
                45.55837210269336
              ],
              [
                12.448155436125976,
                45.39428671450977
              ],
              [
                12.48321250399707,
                45.46231421084766
              ],
              [
                12.279743227568847,
                45.40228994937305
              ],
              [
                12.251417193022949,
                45.29028280825977
              ],
              [
                12.180371317473632,
                45.27027853579883
              ],
              [
                12.176189455596191,
                45.21429022403125
              ],
              [
                12.312513384429199,
                45.178294740632815
              ],
              [
                12.322136911956054,
                45.0423656329668
              ],
              [
                12.408988031951171,
                44.9890094623125
              ],
              [
                12.523090395537597,
                44.88275106997852
              ],
              [
                12.47604468783496,
                44.787086091951174
              ],
              [
                12.273584398833496,
                44.67263754458789
              ],
              [
                12.280731234160644,
                44.55012472720508
              ],
              [
                12.34507659396289,
                44.30104025454883
              ],
              [
                12.697230372039062,
                43.934756837800784
              ],
              [
                13.600871119109375,
                43.53480490298633
              ],
              [
                13.731556925383789,
                43.37416037173633
              ],
              [
                13.791634592620117,
                43.12334402652149
              ],
              [
                13.915090593901855,
                42.87276419253711
              ],
              [
                14.092769655791503,
                42.60952719302539
              ],
              [
                14.404933008757812,
                42.35311087222461
              ],
              [
                14.519309076873046,
                42.22970160098438
              ],
              [
                14.719955477324707,
                42.141761384919924
              ],
              [
                14.738527330962402,
                42.047156892732424
              ],
              [
                14.922405275908691,
                41.97177084536914
              ],
              [
                15.44860557040332,
                41.856727205232424
              ],
              [
                16.012843165007812,
                41.90432318301563
              ],
              [
                16.187411341277343,
                41.84086187930469
              ],
              [
                16.19841483554004,
                41.745669923738284
              ],
              [
                15.98914626559375,
                41.634646974519534
              ],
              [
                15.87325385531543,
                41.50214346499805
              ],
              [
                15.991044077483398,
                41.40614279361133
              ],
              [
                16.420268091765625,
                41.278724275544924
              ],
              [
                16.945963892546875,
                41.093814454988284
              ],
              [
                17.31927207430957,
                40.92925222964649
              ],
              [
                18.03391936740039,
                40.59665258975391
              ],
              [
                18.05994132479785,
                40.513534151033205
              ],
              [
                18.383612665740234,
                40.307750307039065
              ],
              [
                18.5226488443291,
                40.09413107486133
              ],
              [
                18.43367866000293,
                39.89840658755664
              ],
              [
                18.36491874179004,
                39.746722780183596
              ],
              [
                18.160130533782226,
                39.87313421817188
              ],
              [
                18.01706794222949,
                39.947894655183596
              ],
              [
                17.967745813933593,
                40.16689261050586
              ],
              [
                17.849604639617187,
                40.24349554629688
              ],
              [
                17.619149241057617,
                40.2878375873125
              ],
              [
                17.40165046176074,
                40.29192694278125
              ],
              [
                17.204171213713867,
                40.39794119449024
              ],
              [
                17.24280265292285,
                40.49576147647266
              ],
              [
                17.084080729094726,
                40.52511175723438
              ],
              [
                16.948712381926757,
                40.481090150789065
              ],
              [
                16.844130549041015,
                40.363135896638674
              ],
              [
                16.727564844695312,
                40.183604799226565
              ],
              [
                16.604413065520507,
                40.089908204988284
              ],
              [
                16.623852762786132,
                39.96775396914844
              ],
              [
                16.535006556121093,
                39.83156546206836
              ],
              [
                16.53210166415332,
                39.697513185457034
              ],
              [
                16.87398627719043,
                39.543651185945315
              ],
              [
                17.149069819060546,
                39.42180212588672
              ],
              [
                17.10741904696582,
                39.28047140689258
              ],
              [
                17.120997461882812,
                39.08602102847461
              ],
              [
                17.180712732878906,
                39.02220877261524
              ],
              [
                17.09468940219043,
                38.915023408845705
              ],
              [
                16.79769996127246,
                38.92585714908008
              ],
              [
                16.613329920378906,
                38.82732733340625
              ],
              [
                16.522202524749023,
                38.72502478213672
              ],
              [
                16.572001490203125,
                38.45711859317188
              ],
              [
                16.33069327792285,
                38.320743165925784
              ],
              [
                16.052943262664062,
                37.93117483706836
              ],
              [
                15.785237345305664,
                37.909705720857424
              ],
              [
                15.710227045623046,
                37.94143637271289
              ],
              [
                15.62747577151416,
                38.00421103091602
              ],
              [
                15.626577410308105,
                38.23308142276172
              ],
              [
                15.790868792144042,
                38.296397767976565
              ],
              [
                15.933466944304687,
                38.53991659732227
              ],
              [
                15.827300104705078,
                38.62273367495899
              ],
              [
                15.989846262541992,
                38.73476370425586
              ],
              [
                16.152209314910156,
                38.70126684756641
              ],
              [
                16.212225946990234,
                38.77795370669727
              ],
              [
                16.17720893344043,
                38.93099173159961
              ],
              [
                16.082562479583007,
                39.01247366519336
              ],
              [
                15.989552530852539,
                39.4283519610918
              ],
              [
                15.824671778289062,
                39.660628877595705
              ],
              [
                15.757021936980468,
                39.93362768741016
              ],
              [
                15.666200670806152,
                40.091861329988284
              ],
              [
                15.51592448672412,
                40.06594809146289
              ],
              [
                15.432033571807128,
                39.988971315339846
              ],
              [
                15.027263674346191,
                40.212195955232424
              ],
              [
                14.898671183196289,
                40.241458497957034
              ],
              [
                14.99232009371875,
                40.37221869082813
              ],
              [
                14.951005014983398,
                40.55147894473438
              ],
              [
                14.74331763705371,
                40.70481451602344
              ],
              [
                14.33412745913623,
                40.593604646638674
              ],
              [
                14.349769625273925,
                40.64252432437305
              ],
              [
                14.494590792266113,
                40.72996100039844
              ],
              [
                14.370310816375,
                40.85147055240039
              ],
              [
                14.239995989409667,
                40.852943025544924
              ],
              [
                14.05087378939746,
                40.76751288028125
              ],
              [
                13.94187835177539,
                40.99803503604297
              ],
              [
                13.852500948516113,
                41.09095724673633
              ],
              [
                13.797006640044433,
                41.19344671817188
              ],
              [
                13.498390230742675,
                41.301864229158205
              ],
              [
                13.271446261016113,
                41.31423910708789
              ],
              [
                12.97677710970996,
                41.371375642732424
              ],
              [
                12.641516718474609,
                41.53109701724414
              ],
              [
                12.394848856536132,
                41.72954901309375
              ],
              [
                11.963433298674804,
                42.00474127383594
              ],
              [
                11.497365030852539,
                42.376353822664065
              ],
              [
                11.104763063994628,
                42.549083314851565
              ],
              [
                10.742755922881347,
                42.850509248689455
              ],
              [
                10.487745318022949,
                43.235938631013674
              ],
              [
                10.292479548064453,
                43.70543631167774
              ],
              [
                10.136747393218261,
                43.904769502595705
              ],
              [
                9.909300837126953,
                44.110477052644534
              ],
              [
                9.691935572234375,
                44.219600282625
              ],
              [
                9.157044443694335,
                44.37323721499805
              ],
              [
                8.896585497466308,
                44.43718679995899
              ],
              [
                8.671724352446777,
                44.417403779939455
              ],
              [
                8.186360392180664,
                44.12639959903125
              ],
              [
                7.97952655276416,
                43.964915834382815
              ],
              [
                7.689120325652343,
                43.88704641909961
              ],
              [
                7.552810225096923,
                43.867450319246096
              ],
              [
                7.618774447051269,
                44.078311525300784
              ],
              [
                7.591079744902832,
                44.204696260408205
              ],
              [
                7.209197077361328,
                44.17309530825977
              ],
              [
                6.869778189269287,
                44.34917028994922
              ],
              [
                6.782917532531005,
                44.54787405581836
              ],
              [
                6.924694094268066,
                44.71501883120899
              ],
              [
                7.003469976989013,
                44.71953543277149
              ],
              [
                6.942603621093017,
                44.86865194888477
              ],
              [
                6.665318045226318,
                44.95452078433399
              ],
              [
                6.507319483367187,
                45.115707002595705
              ],
              [
                6.703588518706542,
                45.199195466951174
              ],
              [
                6.7859282823479,
                45.14932211490039
              ],
              [
                7.029197249022705,
                45.30801733584766
              ],
              [
                7.11911395510791,
                45.430484376863284
              ],
              [
                6.925548586455566,
                45.516681276277346
              ],
              [
                6.914330515471679,
                45.64829596133594
              ],
              [
                6.674510035125,
                45.80327185244922
              ],
              [
                6.955283197966796,
                45.93890341372852
              ],
              [
                7.22479489764331,
                45.910934053376955
              ],
              [
                7.506788763610107,
                46.002513490632815
              ],
              [
                7.789928946105224,
                45.92696722598438
              ],
              [
                7.913880381194335,
                45.99897726626758
              ],
              [
                8.070898089019042,
                46.19337423892383
              ],
              [
                8.024794611541015,
                46.28884466739063
              ],
              [
                8.374507937041503,
                46.47075995059375
              ],
              [
                8.381559404937011,
                46.28429754825
              ],
              [
                8.621939692107421,
                46.12065847964649
              ],
              [
                8.761700663176757,
                46.088843904451174
              ],
              [
                8.717579874602539,
                46.00704535098438
              ],
              [
                8.890725168791992,
                45.86623724551563
              ],
              [
                9.018927607146484,
                45.93436010928516
              ],
              [
                9.026975664702636,
                46.17519339175586
              ],
              [
                9.218277010527832,
                46.34795721621875
              ],
              [
                9.210068735686523,
                46.4980541095293
              ],
              [
                9.376799616423828,
                46.53445013614063
              ],
              [
                9.44099715670703,
                46.37523611636524
              ],
              [
                9.544866594878417,
                46.31158407779102
              ],
              [
                9.642048868743164,
                46.32522162051563
              ],
              [
                9.67374041995166,
                46.37979086490039
              ],
              [
                9.884957346526367,
                46.402530275300784
              ],
              [
                9.994528803435546,
                46.25247534366016
              ],
              [
                10.097109827605468,
                46.438914857820315
              ],
              [
                9.987427744475585,
                46.4980541095293
              ],
              [
                10.023653063384277,
                46.62089880557422
              ],
              [
                10.151240381804687,
                46.66186483950977
              ],
              [
                10.23034385165332,
                46.58925589175586
              ],
              [
                10.372107538787109,
                46.566302858308596
              ],
              [
                10.389193567839843,
                46.65275915713672
              ],
              [
                10.338723215666992,
                46.74834784121875
              ],
              [
                10.395699534026367,
                46.88741263003711
              ],
              [
                10.679364237395507,
                46.8102985248125
              ],
              [
                10.947841677275878,
                46.794879518464846
              ],
              [
                11.095800432769042,
                46.97994955630664
              ],
              [
                11.260845217314941,
                47.02315481753711
              ],
              [
                11.342970881072265,
                46.986129365876955
              ],
              [
                11.543255838958007,
                47.03549154849414
              ],
              [
                11.678601297942382,
                46.98921164126758
              ],
              [
                12.064329180327636,
                47.09104498477344
              ],
              [
                12.074753794280273,
                46.92750509829883
              ],
              [
                12.217808756438476,
                46.88431891055469
              ],
              [
                12.361854586211425,
                46.708541475251955
              ],
              [
                12.951894793120605,
                46.597457490876955
              ],
              [
                13.354013475981933,
                46.56066092105274
              ],
              [
                13.568899187651855,
                46.51042517276172
              ],
              [
                13.708912709136243,
                46.50163505804842
              ]
            ]
          ]
        ]
      }
    },
    {
      "type": "Feature",
      "properties": {
        "nume": "Grecia",
        "bloc": "Vestic",
        "info": "Membru NATO din 1952, dupa un razboi civil castigat de fortele pro-occidentale."
      },
      "geometry": {
        "type": "MultiPolygon",
        "coordinates": [
          [
            [
              [
                24.69006637057422,
                35.09244116397266
              ],
              [
                24.324357065764648,
                35.20778997989063
              ],
              [
                24.013197931853515,
                35.21041449160938
              ],
              [
                23.7855940195,
                35.26285132022266
              ],
              [
                23.567723307219726,
                35.254981599763674
              ],
              [
                23.513134989348632,
                35.275958620027346
              ],
              [
                23.466885599700195,
                35.31790503116016
              ],
              [
                23.529439005461914,
                35.569625459626955
              ],
              [
                23.67146590670703,
                35.572249971345705
              ],
              [
                23.669087442961914,
                35.611583314851565
              ],
              [
                23.665133509246093,
                35.66665609927539
              ],
              [
                23.696656260100585,
                35.698123537019534
              ],
              [
                23.733677897063476,
                35.62731894107227
              ],
              [
                23.742875132170898,
                35.56175955386524
              ],
              [
                23.87945273837207,
                35.55241736026172
              ],
              [
                23.956812891570312,
                35.52767141909961
              ],
              [
                24.03900435885547,
                35.56175955386524
              ],
              [
                24.033263239470703,
                35.59847220034961
              ],
              [
                24.081856760588867,
                35.611583314851565
              ],
              [
                24.152676615325195,
                35.56438025088672
              ],
              [
                24.135817560759765,
                35.52242621035938
              ],
              [
                24.091456446257812,
                35.51980169864063
              ],
              [
                24.073323282805664,
                35.49620398135547
              ],
              [
                24.11320403536914,
                35.48571737857227
              ],
              [
                24.17774489840625,
                35.46998556704883
              ],
              [
                24.21970275363086,
                35.44900091739063
              ],
              [
                24.22960380038379,
                35.39131888003711
              ],
              [
                24.38828376254199,
                35.37296637149219
              ],
              [
                24.768567118254882,
                35.42802771182422
              ],
              [
                24.99748137911914,
                35.42102011294727
              ],
              [
                25.01360038241504,
                35.36247976870899
              ],
              [
                25.100091013518554,
                35.34674795718555
              ],
              [
                25.374018702117187,
                35.31790503116016
              ],
              [
                25.51163581332324,
                35.29476507754688
              ],
              [
                25.67320731600879,
                35.349368654207034
              ],
              [
                25.713534388152343,
                35.327010713533205
              ],
              [
                25.66846755465625,
                35.18682058902149
              ],
              [
                25.741803202239257,
                35.13700445742969
              ],
              [
                25.788973841277343,
                35.13700445742969
              ],
              [
                25.935492548552734,
                35.21303518863086
              ],
              [
                26.0641527505791,
                35.23924978824024
              ],
              [
                26.099352869597656,
                35.215648256257815
              ],
              [
                26.16882613619922,
                35.247108064607424
              ],
              [
                26.2735090585625,
                35.312659822419924
              ],
              [
                26.236044916716796,
                35.228763185457034
              ],
              [
                26.24266723116992,
                35.144874177888674
              ],
              [
                26.16048530062793,
                35.02428396792774
              ],
              [
                25.898680719939453,
                35.04525717349414
              ],
              [
                25.74173644503711,
                35.008853517488284
              ],
              [
                25.590724024382812,
                35.01641806216602
              ],
              [
                24.693467173186523,
                34.94047125430469
              ],
              [
                24.715638193694335,
                35.03477057071094
              ],
              [
                24.69006637057422,
                35.09244116397266
              ]
            ]
          ],
          [
            [
              [
                20.60791495761035,
                40.16091497989063
              ],
              [
                20.78894523104785,
                40.33477362246875
              ],
              [
                20.99117377719043,
                40.7137523517168
              ],
              [
                21.031638178435546,
                40.726790986970705
              ],
              [
                21.39526084384082,
                40.76083334536914
              ],
              [
                21.66838744601367,
                40.82640799136524
              ],
              [
                21.84570029696582,
                41.01964148135547
              ],
              [
                22.01024535616992,
                41.09105261416797
              ],
              [
                22.172940287200195,
                41.07271536441211
              ],
              [
                22.452584299651367,
                41.048621736482424
              ],
              [
                22.69236663302539,
                41.158919893220705
              ],
              [
                22.920243296233398,
                41.230689607576174
              ],
              [
                22.960978540984375,
                41.243732057527346
              ],
              [
                23.795615229216796,
                41.33168753238086
              ],
              [
                24.155411753264648,
                41.449092470125
              ],
              [
                24.418063196746093,
                41.47619589419727
              ],
              [
                25.08090880831836,
                41.248981080964846
              ],
              [
                25.359320673552734,
                41.15435751529102
              ],
              [
                25.533679041472656,
                41.16813238711719
              ],
              [
                26.03642180880664,
                41.29269751162891
              ],
              [
                26.075196299163085,
                41.408328615144534
              ],
              [
                26.031794581023437,
                41.555614076570315
              ],
              [
                26.18628982028125,
                41.65268286319141
              ],
              [
                26.349875483123046,
                41.6407543048418
              ],
              [
                26.39710524996875,
                41.641009889558596
              ],
              [
                26.58956244906543,
                41.55226095767383
              ],
              [
                26.646456751433593,
                41.4499584064043
              ],
              [
                26.341559443083984,
                41.16616400332813
              ],
              [
                26.167601618376953,
                40.91526373477344
              ],
              [
                26.020724329558593,
                40.669322572664065
              ],
              [
                25.992875132170898,
                40.85245855899219
              ],
              [
                25.63570502719043,
                40.87737616153125
              ],
              [
                25.301114115325195,
                40.89594229312305
              ],
              [
                25.04631713351367,
                40.952273927644534
              ],
              [
                25.018929514495117,
                41.01714666934375
              ],
              [
                24.812115702239257,
                40.933421693757815
              ],
              [
                24.700663599578125,
                40.878341279939455
              ],
              [
                24.51912787875293,
                40.873065553621096
              ],
              [
                24.504952463713867,
                40.98406942935352
              ],
              [
                24.354302439299804,
                40.97096212954883
              ],
              [
                24.21905806979297,
                40.82968481631641
              ],
              [
                24.025155100432617,
                40.74636038394336
              ],
              [
                23.885952982512695,
                40.732894502595705
              ],
              [
                23.748394999114257,
                40.80443152041797
              ],
              [
                23.634697947112304,
                40.77275427432422
              ],
              [
                23.632977518645507,
                40.71316870303516
              ],
              [
                23.7090559335625,
                40.63003500552539
              ],
              [
                23.78517440280078,
                40.477191530183596
              ],
              [
                23.92370322665332,
                40.450809083894534
              ],
              [
                24.29535201510547,
                40.176490388826174
              ],
              [
                24.220635447112304,
                40.144847475007815
              ],
              [
                24.054778132048828,
                40.260882936433596
              ],
              [
                24.047778162566406,
                40.3083568439043
              ],
              [
                23.923533472625,
                40.34528311343555
              ],
              [
                23.774773630706054,
                40.392764650300784
              ],
              [
                23.722168955413085,
                40.348243318513674
              ],
              [
                23.62723449191211,
                40.34528311343555
              ],
              [
                23.658801111785156,
                40.28726156802539
              ],
              [
                23.651745829192382,
                40.22922857852344
              ],
              [
                23.803664240447265,
                40.15539129825
              ],
              [
                23.868659052458984,
                40.16067465396289
              ],
              [
                23.9201097818291,
                40.05519827456836
              ],
              [
                23.906617197600585,
                39.997195802644534
              ],
              [
                23.796032938567382,
                39.986651979402346
              ],
              [
                23.595772776213867,
                40.19231756778125
              ],
              [
                23.442486795989257,
                40.25560721011524
              ],
              [
                23.34907821139453,
                40.2819782123125
              ],
              [
                23.291760477629882,
                40.28726156802539
              ],
              [
                23.293139490691406,
                40.24505575747852
              ],
              [
                23.259058985320312,
                40.22922857852344
              ],
              [
                23.32103446444629,
                40.15539129825
              ],
              [
                23.36683944186328,
                40.107928834871096
              ],
              [
                23.4364672037041,
                40.044654451326174
              ],
              [
                23.523348841277343,
                40.018287263826174
              ],
              [
                23.592185053435546,
                40.00246389956836
              ],
              [
                23.638585123625976,
                39.96034201236133
              ],
              [
                23.596890482512695,
                39.93405493350391
              ],
              [
                23.37439254244922,
                39.955089174226565
              ],
              [
                23.260525736418945,
                39.970870576814455
              ],
              [
                23.27630904635547,
                40.04992254825
              ],
              [
                23.214777979460937,
                40.181766115144534
              ],
              [
                23.141140970793945,
                40.26615484805469
              ],
              [
                22.960160288420898,
                40.314708314851565
              ],
              [
                22.748055491057617,
                40.482467256501955
              ],
              [
                22.86390212496875,
                40.535228334382815
              ],
              [
                22.875462565032226,
                40.596324525789065
              ],
              [
                22.85194686373828,
                40.65133627505664
              ],
              [
                22.769967112151367,
                40.66717108340625
              ],
              [
                22.701254877654296,
                40.57744940371875
              ],
              [
                22.492066416350585,
                40.49829062075977
              ],
              [
                22.60226539095996,
                40.39723929019336
              ],
              [
                22.489617380706054,
                40.23052557559375
              ],
              [
                22.467362436858398,
                40.118480287507815
              ],
              [
                22.52561286410449,
                40.064166627839846
              ],
              [
                22.555129084197265,
                39.986651979402346
              ],
              [
                22.695097956267578,
                39.834483705476565
              ],
              [
                22.75447371920703,
                39.81834753604297
              ],
              [
                22.813431772795898,
                39.602740846589846
              ],
              [
                23.07416823825,
                39.41345175357227
              ],
              [
                23.236084971038085,
                39.20315893741016
              ],
              [
                23.15849975070117,
                39.140079103425784
              ],
              [
                23.05191710909961,
                39.10328634829883
              ],
              [
                23.099806818572265,
                39.1873851642168
              ],
              [
                23.045252832976562,
                39.27149923892383
              ],
              [
                22.98130134066699,
                39.329330049470705
              ],
              [
                22.918986353484375,
                39.345103822664065
              ],
              [
                22.85085395297168,
                39.36613043399219
              ],
              [
                22.720257792083007,
                39.287269197419924
              ],
              [
                22.766058954802734,
                39.20278891177539
              ],
              [
                22.83488372286914,
                39.16636236758594
              ],
              [
                22.871062311736328,
                39.02434881778125
              ],
              [
                22.784213099089843,
                38.94033392520313
              ],
              [
                22.490498575774414,
                38.87685354800586
              ],
              [
                22.60231307467578,
                38.856238923982424
              ],
              [
                22.723288569060546,
                38.793170534089846
              ],
              [
                22.899373087493164,
                38.766891084626955
              ],
              [
                22.98423102816699,
                38.66704138369922
              ],
              [
                23.099801096526367,
                38.67229803653125
              ],
              [
                23.16949180087207,
                38.66704138369922
              ],
              [
                23.190995249358398,
                38.61034353824024
              ],
              [
                23.356156382170898,
                38.48950155825977
              ],
              [
                23.493844065276367,
                38.483131013826174
              ],
              [
                23.555766138640625,
                38.351764284089846
              ],
              [
                23.682751688567382,
                38.34651144595508
              ],
              [
                23.803948435393554,
                38.34651144595508
              ],
              [
                23.96074393710254,
                38.20991476626758
              ],
              [
                23.966990503875,
                38.15213354678516
              ],
              [
                23.880024942961914,
                38.11535605044727
              ],
              [
                23.987299952117187,
                37.76342733950977
              ],
              [
                23.918181452361328,
                37.684642396882815
              ],
              [
                23.83551314791797,
                37.684642396882815
              ],
              [
                23.733683619109375,
                37.85785635562305
              ],
              [
                23.634148630706054,
                37.878978334382815
              ],
              [
                23.5407152505791,
                38.004100404695315
              ],
              [
                23.495701822844726,
                38.06807669253711
              ],
              [
                23.419257196990234,
                38.06807669253711
              ],
              [
                23.195841822234375,
                38.00503882022266
              ],
              [
                22.98061469515918,
                37.957767091707034
              ],
              [
                22.898057016936523,
                37.89998968692188
              ],
              [
                23.03996756991504,
                37.85796698184375
              ],
              [
                23.045392069426757,
                37.773578248933596
              ],
              [
                23.048874888030273,
                37.64263113589649
              ],
              [
                23.151383432952148,
                37.59012182803516
              ],
              [
                23.220547709075195,
                37.601825319246096
              ],
              [
                23.32170775851367,
                37.63738211245899
              ],
              [
                23.312159571257812,
                37.548106752351565
              ],
              [
                23.418124231902343,
                37.46934088321094
              ],
              [
                23.184979471770507,
                37.42733343692188
              ],
              [
                23.185792002288085,
                37.374827943757815
              ],
              [
                23.109564814177734,
                37.34664114566211
              ],
              [
                22.970976862517578,
                37.38532217593555
              ],
              [
                23.025345835295898,
                37.479842744783205
              ],
              [
                22.94206908663867,
                37.518390260652346
              ],
              [
                22.713290247527343,
                37.543433748201174
              ],
              [
                22.64231780490039,
                37.58486517520313
              ],
              [
                22.638745340911132,
                37.492286287263674
              ],
              [
                22.726239237395507,
                37.28850897403125
              ],
              [
                22.813349756804687,
                37.212054811433596
              ],
              [
                22.79310897311328,
                37.1385570392168
              ],
              [
                22.886887583342773,
                37.04668005557422
              ],
              [
                22.982552561370117,
                36.6147533282793
              ],
              [
                22.67355445345996,
                36.754283510164065
              ],
              [
                22.524447474089843,
                36.722125612214846
              ],
              [
                22.39029601534961,
                36.524371705964846
              ],
              [
                22.191407236663085,
                36.855235658601565
              ],
              [
                21.984171900359375,
                37.02048071475391
              ],
              [
                21.78091529330371,
                36.82254370303516
              ],
              [
                21.588168177214843,
                36.9814411029375
              ],
              [
                21.531443628875,
                37.11514624209766
              ],
              [
                21.626500162688476,
                37.30651815982227
              ],
              [
                21.613707575408203,
                37.41484793277149
              ],
              [
                21.517313990203125,
                37.53575857730274
              ],
              [
                21.296347651091796,
                37.72654303164844
              ],
              [
                21.221131357756835,
                37.82839544864063
              ],
              [
                21.22843078097461,
                37.90490683169727
              ],
              [
                21.440451654998046,
                38.179515443757815
              ],
              [
                21.714499506560546,
                38.135440431550784
              ],
              [
                21.90576652011035,
                38.26973684878711
              ],
              [
                21.99668792208789,
                38.25078161807422
              ],
              [
                22.747214350310546,
                37.95260580630664
              ],
              [
                22.898655924407226,
                37.9975543841875
              ],
              [
                23.116345438567382,
                38.157394014314455
              ],
              [
                22.99674323519824,
                38.17934378238086
              ],
              [
                22.875638041106445,
                38.204600892976565
              ],
              [
                22.333741221038085,
                38.426707826570315
              ],
              [
                21.826472315398437,
                38.46395834536914
              ],
              [
                21.66125777682422,
                38.43810995669727
              ],
              [
                21.364455256072265,
                38.412005983308596
              ],
              [
                21.172404322234375,
                38.34783896060352
              ],
              [
                20.771830591765625,
                38.85093268008594
              ],
              [
                20.892598185149414,
                38.895831666902346
              ],
              [
                21.00650886019824,
                38.87054403872852
              ],
              [
                21.104685816375,
                38.92177542300586
              ],
              [
                21.15951636752246,
                39.004825197175784
              ],
              [
                21.007184061614257,
                39.112987123445315
              ],
              [
                20.901148829070312,
                39.06173285098438
              ],
              [
                20.67775252780078,
                39.08042486758594
              ],
              [
                20.211808237639648,
                39.404925905183596
              ],
              [
                20.122382196990234,
                39.551009736970705
              ],
              [
                20.38468078097461,
                39.948566041902346
              ],
              [
                20.60791495761035,
                40.16091497989063
              ]
            ]
          ],
          [
            [
              [
                23.242412446688213,
                39.04411813294447
              ],
              [
                23.409661395009252,
                38.943672845059965
              ],
              [
                23.78977264119343,
                38.71863293758614
              ],
              [
                24.131872762759194,
                38.65335708482884
              ],
              [
                24.207895011996026,
                38.5523591317064
              ],
              [
                24.291519486156545,
                38.19476089687233
              ],
              [
                24.588006258180208,
                38.15292605377605
              ],
              [
                24.527188458790736,
                37.967368965721576
              ],
              [
                24.3143261609276,
                37.98534666287396
              ],
              [
                24.192690562148663,
                38.15292605377605
              ],
              [
                24.02544161382762,
                38.38569989188942
              ],
              [
                23.660534817490806,
                38.40357465937644
              ],
              [
                23.59971701810134,
                38.45717244335585
              ],
              [
                23.63772814271976,
                38.52262680680808
              ],
              [
                23.462876969475033,
                38.62366656002873
              ],
              [
                23.120776847909273,
                38.86676557896794
              ],
              [
                22.869903425427715,
                38.83716368115139
              ],
              [
                23.014345698977706,
                38.961408842619434
              ],
              [
                23.242412446688213,
                39.04411813294447
              ]
            ]
          ],
          [
            [
              [
                25.789157796122215,
                36.40489303146257
              ],
              [
                25.872782270282734,
                36.35592882884054
              ],
              [
                25.76635112135116,
                36.33755930622052
              ],
              [
                25.713135546885383,
                36.34980613615219
              ],
              [
                25.73594222165643,
                36.38653506822634
              ],
              [
                25.789157796122215,
                36.40489303146257
              ]
            ]
          ],
          [
            [
              [
                25.37103542531962,
                36.49661778527289
              ],
              [
                25.492671024098556,
                36.42324665835019
              ],
              [
                25.492671024098556,
                36.331435169041356
              ],
              [
                25.386239875166982,
                36.319185450416924
              ],
              [
                25.31781985085383,
                36.39877419215787
              ],
              [
                25.3330243007012,
                36.45994089964729
              ],
              [
                25.37103542531962,
                36.49661778527289
              ]
            ]
          ],
          [
            [
              [
                25.857577820435367,
                36.83809722624421
              ],
              [
                25.94880451951957,
                36.91107409621058
              ],
              [
                26.024826768756405,
                36.95968659606273
              ],
              [
                26.085644568145874,
                36.89891612690345
              ],
              [
                25.956406744443257,
                36.84418129487496
              ],
              [
                25.834771145664316,
                36.78331883149609
              ],
              [
                25.751146671503797,
                36.78331883149609
              ],
              [
                25.751146671503797,
                36.81375611186905
              ],
              [
                25.857577820435367,
                36.83809722624421
              ]
            ]
          ],
          [
            [
              [
                24.42835953478285,
                36.79549519508755
              ],
              [
                24.588006258180208,
                36.86851272864293
              ],
              [
                24.67923295726441,
                36.75896029963509
              ],
              [
                24.46637065940127,
                36.649251177336765
              ],
              [
                24.29912171108023,
                36.75286945753905
              ],
              [
                24.42835953478285,
                36.79549519508755
              ]
            ]
          ],
          [
            [
              [
                24.8236752308144,
                36.661448812220584
              ],
              [
                24.876890805280183,
                36.679741640978875
              ],
              [
                24.97571972928807,
                36.637051610171376
              ],
              [
                24.94531082959334,
                36.56991946228899
              ],
              [
                24.8236752308144,
                36.637051610171376
              ],
              [
                24.8236752308144,
                36.661448812220584
              ]
            ]
          ],
          [
            [
              [
                25.16577535238016,
                36.74068632260297
              ],
              [
                25.196184252074893,
                36.673644514576154
              ],
              [
                25.10495755299069,
                36.637051610171376
              ],
              [
                25.05934420344859,
                36.618748636935905
              ],
              [
                25.044139753601222,
                36.661448812220584
              ],
              [
                25.16577535238016,
                36.74068632260297
              ]
            ]
          ],
          [
            [
              [
                25.249399826540678,
                36.75896029963509
              ],
              [
                25.29501317608278,
                36.807669623462985
              ],
              [
                25.431853224709084,
                36.6980301207178
              ],
              [
                25.386239875166982,
                36.637051610171376
              ],
              [
                25.26460427638805,
                36.704125314038706
              ],
              [
                25.241797601616994,
                36.75286945753905
              ],
              [
                25.249399826540678,
                36.75896029963509
              ]
            ]
          ],
          [
            [
              [
                24.534790683714423,
                37.11746294371295
              ],
              [
                24.44356398463022,
                37.0992747162255
              ],
              [
                24.42835953478285,
                37.20833853996449
              ],
              [
                24.534790683714423,
                37.11746294371295
              ]
            ]
          ],
          [
            [
              [
                24.39795063508812,
                37.667092994189616
              ],
              [
                24.382746185240748,
                37.570746906161986
              ],
              [
                24.261110586461815,
                37.540613155635555
              ],
              [
                24.29912171108023,
                37.66107502189996
              ],
              [
                24.39795063508812,
                37.667092994189616
              ]
            ]
          ],
          [
            [
              [
                24.48917733417232,
                37.39580161737422
              ],
              [
                24.3599395104697,
                37.30515202694268
              ],
              [
                24.3599395104697,
                37.39580161737422
              ],
              [
                24.39795063508812,
                37.46824245164144
              ],
              [
                24.48917733417232,
                37.39580161737422
              ]
            ]
          ],
          [
            [
              [
                24.94531082959334,
                37.51046722146939
              ],
              [
                25.044139753601222,
                37.377680456560746
              ],
              [
                24.84648190558545,
                37.36559724964213
              ],
              [
                24.861686355432816,
                37.52855624381453
              ],
              [
                24.94531082959334,
                37.51046722146939
              ]
            ]
          ],
          [
            [
              [
                24.76285743142493,
                38.003319956303606
              ],
              [
                25.27220650131173,
                37.56472113091166
              ],
              [
                25.469864349327505,
                37.43806729073237
              ],
              [
                25.31781985085383,
                37.40184103098311
              ],
              [
                24.922504154822285,
                37.69116000393879
              ],
              [
                24.65642628249336,
                37.901413077728705
              ],
              [
                24.76285743142493,
                38.003319956303606
              ]
            ]
          ],
          [
            [
              [
                24.71724408188283,
                37.050751425742014
              ],
              [
                24.78566410619598,
                36.947536378182036
              ],
              [
                24.67923295726441,
                36.90499535372954
              ],
              [
                24.648824057569676,
                37.014338584785854
              ],
              [
                24.71724408188283,
                37.050751425742014
              ]
            ]
          ],
          [
            [
              [
                25.31021762593015,
                37.19622810717101
              ],
              [
                25.31021762593015,
                37.00219709179456
              ],
              [
                25.112559777914374,
                36.94146054239683
              ],
              [
                24.937708604669652,
                36.95968659606273
              ],
              [
                25.15057090253279,
                37.17200141281893
              ],
              [
                25.31021762593015,
                37.19622810717101
              ]
            ]
          ],
          [
            [
              [
                25.538284373640657,
                37.220447029530426
              ],
              [
                25.60670439795381,
                37.12352471549815
              ],
              [
                25.599102173030126,
                37.026478138264174
              ],
              [
                25.545886598564337,
                36.95968659606273
              ],
              [
                25.454659899480134,
                36.9232301280182
              ],
              [
                25.36343320039593,
                37.00826808071462
              ],
              [
                25.34062652562488,
                37.087146804747654
              ],
              [
                25.378637650243302,
                37.11746294371295
              ],
              [
                25.538284373640657,
                37.220447029530426
              ]
            ]
          ]
        ]
      }
    }
  ]
}